id,artist,title,album,year,duration_s,format,path
A5q2I4nUFrkbH9LFmwXVYI,#ХОВАНГРЕБЕНЬ,ХОВАНГРЕБЕНЬ,-ХОВАНГРЕБЕНЬ,,199,mp3,#ХОВАНГРЕБЕНЬ/-ХОВАНГРЕБЕНЬ/ХОВАНГРЕБЕНЬ.mp3
scmF9ZgbfTSXZnnUrGymaa,+100500,Melodia1,+100500,,55,mp3,+100500/+100500/Melodia1.mp3
jC7TE5O6eZzdAmLnVf8Wys,0to8,Shut Your Mouth,Shut Your Mouth,2023,115,mp3,0to8/Shut Your Mouth/63 - Shut Your Mouth.mp3
i8I5yPe7kRo3USCQSRX59s,100 poops,Школа танцев Маслаева,100 poops,,152,mp3,100%poops/100 poops/15 - Школа танцев Маслаева.mp3
c6WEvVA9vC8MeM87RrPjI6,2 Unlimited,No Limit,2 Unlimited,,223,mp3,2 Unlimited/2 Unlimited/No Limit.mp3
L1lV6IEBxGRFtSn6KfPw8i,2ouble.cup,Phonk,2ouble.cup,,100,mp3,2ouble.cup/2ouble.cup/Phonk.mp3
snKNjFfiR2BfIcqo8R9rcr,"2pac, Snoop Dogg, Dr. Dre, The Outlawz, Digital Undeground and more",California Love,"2pac, Snoop Dogg, Dr. Dre, The Outlawz, Digital Undeground and more",,242,mp3,"2pac, Snoop Dogg, Dr. Dre, The Outlawz, Digital Undeground and more/2pac, Snoop Dogg, Dr. Dre, The Outlawz, Digital Undeground and more/California Love.mp3"
wObW6ebufpvvVaz6fqHcYp,4 Non Blondes,What's Up,4 Non Blondes,,294,mp3,4 Non Blondes/4 Non Blondes/What's Up.mp3
0Whf0GhOKVNVvLNQJj1rvy,50 Cent,In Da Club,50 Cent,,193,mp3,50 Cent/50 Cent/In Da Club.mp3
gvq3LriWOcEGQX5dgtu6kX,528 hz,Release Chakra Conflict Phase 4,528 hz,,433,mp3,528 hz/528 hz/Release Chakra Conflict Phase 4.mp3
8lMQMSNYLIpMiFFJN2L9Jy,55x55,НИКОЛАЙ (feat. Николай Соболев и Николай),55x55,,122,mp3,55x55/55x55/НИКОЛАЙ (feat. Николай Соболев и Николай).mp3
QK0Fr0CFXP0duNb2vEG1To,5udo,One,One,2016,441,mp3,5udo/One/01-01 - One.mp3
Tjrse0ixF8vUrV4Q7LULRU,9lives,khaos emerald,9lives,,151,mp3,9lives/9lives/khaos emerald.mp3
LuMgtGtf7a7tJPw1KQcYda,a-ha,Take on Me,a-ha,,225,mp3,a-ha/a-ha/Take on Me.mp3
6A2itqoAqCP5YDqzXxGCzR,a-ha,Velvet,The Singles: 1984 - 2004,2004,245,mp3,a-ha/The Singles: 1984 - 2004/Velvet.mp3
sTYRNIkNso8QmfU3bDkFmA,A-Reis,Into the Void,A-Reis,,258,mp3,A-Reis/A-Reis/Into the Void.mp3
YgkeCEFyECIvhmJ7Dd0pcp,Aaron Hibell,you look lonely,Aaron Hibell,,281,mp3,Aaron Hibell/Aaron Hibell/you look lonely.mp3
T1RLEhYtwXlFHKFlpzi55l,Aaron Marshall,Akira (Ambient Prologue),Akira (Ambient Prologue),2024,132,mp3,Aaron Marshall/Akira (Ambient Prologue)/12 - Akira (Ambient Prologue).mp3
SWa6TA8y15LImrnLYdljHr,ABBA,Dancing Queen,ABBA,,230,mp3,ABBA/ABBA/Dancing Queen.mp3
McNLzLxKZPshBDy49UrbXo,ABBA,Gimme! Gimme! Gimme! (A Man After Midnight),ABBA,,294,mp3,ABBA/ABBA/Gimme! Gimme! Gimme! (A Man After Midnight).mp3
OWyzh6auCJV2QaiowZkwhd,AC-DC,AC-DC - Thunderstruck,AC-DC,,293,mp3,AC-DC/AC-DC/AC-DC - Thunderstruck.mp3
hgcXWGymUVCTr08T22uUQ7,AC-DC,Back In Black (F),AC-DC,,256,mp3,AC-DC/AC-DC/Back In Black (F).mp3
mu9oihuYhJD5E3P0Pp6q3Z,AC-DC,Big Gun,AC-DC,,259,mp3,AC-DC/AC-DC/Big Gun.mp3
h7b8noQjOkvUUMbEEyBvsm,AC-DC,Hells Bells,AC-DC,,312,mp3,AC-DC/AC-DC/Hells Bells.mp3
zAwrqCrPBAv9hdd6SHo1yK,AC-DC,Highway to Hell,AC-DC,,208,mp3,AC-DC/AC-DC/Highway to Hell.mp3
A8en69e47SNEduj88uF141,Ace of Base,All That She Wants,Ace of Base,,211,mp3,Ace of Base/Ace of Base/All That She Wants.mp3
79hqt5Rij1oZZx31FsStx5,ACID.FLICKER.FAMILY,АРАБСКОЕ САЛЬТО,ACID.FLICKER.FAMILY,,175,mp3,ACID.FLICKER.FAMILY/ACID.FLICKER.FAMILY/АРАБСКОЕ САЛЬТО.mp3
lP6eIKEpIa2rGKl8AmhxX3,Acoustic Sunsets,Wicked Game,Wicked Game,2021,236,mp3,Acoustic Sunsets/Wicked Game/01-01 - Wicked Game.mp3
9kbU4aW6SK1TfagtuhZXtW,Adam James Cuz,Energetic Pamping,Неизвестен,,341,mp3,Adam James Cuz/Неизвестен/Energetic Pamping.mp3
el1a4Q7UuPcKMaJod7FnTn,Adam Maniac,Vitamins,Adam Maniac,,159,mp3,Adam Maniac/Adam Maniac/Vitamins.mp3
7pmE2QMMX6xnNoXqXajpUO,"Adana Twins, Echonomist",Subway Yard,"Adana Twins, Echonomist",,448,mp3,"Adana Twins, Echonomist/Adana Twins, Echonomist/Subway Yard.mp3"
BTkfWyaHVdYE9BB9BYZYSm,Aerosmith,Dude (Looks Like A Lady),Aerosmith,,264,mp3,Aerosmith/Aerosmith/Dude (Looks Like A Lady).mp3
yWcYaFFxSPsiSP7TSStEWO,akiaura & LONOWN,pussypodium,akiaura & LONOWN,2024,164,mp3,akiaura & LONOWN/akiaura & LONOWN/pussypodium.mp3
yGj24e6VZLityx4yvtzPsc,akiaura & LONOWN,pussypodium (SLOWED),akiaura & LONOWN,,205,mp3,akiaura & LONOWN/akiaura & LONOWN/pussypodium (SLOWED).mp3
NQlbiGr1vJuUJ5oEzbswn8,Akumatek,Dystopya,Akumatek,2023,477,mp3,Akumatek/Akumatek/01-01 - Dystopya.mp3
lu1yCOqBeoIVu5PMNK1cBR,Al Bano & Romina Power,Ci Sara,Al Bano & Romina Power,,204,mp3,Al Bano & Romina Power/Al Bano & Romina Power/Ci Sara.mp3
UKkLJGeUlVt9QJmf5AOQwl,Al Bano & Romina Power,E' La Mia Vita,Al Bano & Romina Power,,224,mp3,Al Bano & Romina Power/Al Bano & Romina Power/E' La Mia Vita.mp3
GwzcGFZZzXzXmlWZa7kVd4,Al Bano & Romina Power,"Sempre, Sempre (12'' Version)",Al Bano & Romina Power,,301,mp3,"Al Bano & Romina Power/Al Bano & Romina Power/Sempre, Sempre (12'' Version).mp3"
T5eHYFJ4IsLCh4EjsZPW0Y,AL BANO and ROMINA POWER,Sharazan,AL BANO and ROMINA POWER,,268,mp3,AL BANO and ROMINA POWER/AL BANO and ROMINA POWER/Sharazan.mp3
I0sJjYavGgrQsbvb1trah1,Al Bano Carrisi & Romina Power,Siempre Siempre,Al Bano Carrisi & Romina Power,,239,mp3,Al Bano Carrisi & Romina Power/Al Bano Carrisi & Romina Power/Siempre Siempre.mp3
yAc5x3ukKtycuxoHdw2SDL,Al Bano ft. Romina Power,Liberta,Al Bano ft. Romina Power,,260,mp3,Al Bano/Al Bano ft. Romina Power/Liberta.mp3
cscUXV0RJHDHyApwQ4tOWS,"Al Bano, Romina Power",Le mie radici,"Al Bano, Romina Power",,267,mp3,"Al Bano, Romina Power/Al Bano, Romina Power/Le mie radici.mp3"
7lPEnJCkoqbUv5OejKS1wW,Alan Fitzpatrick,We Do What We Want (Full Track) - We Do What We Want,Alan Fitzpatrick,,194,mp3,Alan Fitzpatrick/Alan Fitzpatrick/We Do What We Want (Full Track) - We Do What We Want.mp3
swcm0cxUFvJL37HB6TuDzk,Albano Carrisi,Felicita,Albano Carrisi,,198,mp3,Albano Carrisi/Albano Carrisi/Felicita.mp3
nhrBksc5GuhZsKYJS1aR9B,Alef Napalmych,Mortal Kombat,Alef Napalmych,,96,mp3,Alef Napalmych/Alef Napalmych/23 - Mortal Kombat.mp3
n4xNxOqHSCLoTmj9fKL1RA,Alef Napalmych,tyranny of nachalynik,Alef Napalmych,,51,mp3,Alef Napalmych/Alef Napalmych/26 - tyranny of nachalynik.mp3
eE9m9pBjUAKmyVeWzJ9EDG,Alex Banks,Uber Dem Vulcan Wolken,Alex Banks,,418,mp3,Alex Banks/Alex Banks/Uber Dem Vulcan Wolken.mp3
aSRNgqeju237M3U2f2ybcD,Alex Rasov,Just to be in love,Alex Rasov,,215,mp3,Alex Rasov/Alex Rasov/Just to be in love.mp3
7lRSCStBbn4g4tOcS79NwB,Alexander Rybak,Fairytale,Alexander Rybak,,182,mp3,Alexander Rybak/Alexander Rybak/Fairytale.mp3
l9wAnGqqFlaMHxpNP8UMbe,"Alexei Aigui, Ensemble 4'33",Wasteland,"Alexei Aigui, Ensemble 4'33-",,200,mp3,"Alexei Aigui, Ensemble 4'33/Alexei Aigui, Ensemble 4'33-/Wasteland.mp3"
UROm0fVNSHzYsAP3nXXzs9,AlexGrohl,The Fire Gate,AlexGrohl,,184,mp3,AlexGrohl/AlexGrohl/39 - The Fire Gate.mp3
orlxfeUQgaChmhOMWPNzHw,Allan Fajardo,Our Journey,Неизвестен,,163,mp3,Allan Fajardo/Неизвестен/Our Journey.mp3
Yl6HPWafCspTLtHmZufzOf,Allena,Appelle Moi (Demeter Remix),Allena,,197,mp3,Allena/Allena/Appelle Moi (Demeter Remix).mp3
2s7kUPYZm8y2zoEoWqIRoE,Alphaville,Big in Japan (Extended Mix),Alphaville,,305,mp3,Alphaville/Alphaville/Big in Japan (Extended Mix).mp3
p26JR3UEvhWmdNgdzitSCx,Alphaville,Dance With Me,Alphaville,,241,mp3,Alphaville/Alphaville/Dance With Me.mp3
DWajgSLRp20WlnQfQj3Rqq,Alphaville,Forever Young,Alphaville,,226,mp3,Alphaville/Alphaville/Forever Young.mp3
e4c1AGQsbfFG4OXjf7fuBd,Andy Morris,Waltz II,Andy Morris,,175,mp3,Andy Morris/Andy Morris/Waltz II.mp3
8M7npehzi0MEgy00qvsUcN,Anikdote,Turn It Up,Anikdote,,248,mp3,Anikdote/Anikdote/Turn It Up.mp3
7UjjtvrCInHvojtmOeXMbq,Anime Kei,Ritual (In The Eternal Sun Intro),Anime Kei,,132,mp3,Anime Kei/Anime Kei/Ritual (In The Eternal Sun Intro).mp3
1Is7tsLwyeoKOoJ96yS2ok,ANNA ASTI,Дурак,Царица,2023,203,mp3,ANNA ASTI/Царица/01-02 - Дурак.mp3
6EYORhLGoIAHqUFCFbNHlk,"Anthony Pappa, Jamie Stevens, Framewerk",Here We Go (Framewerk Remix),"Anthony Pappa, Jamie Stevens, Framewerk",2021,552,mp3,"Anthony Pappa_Jamie Stevens/Anthony Pappa, Jamie Stevens, Framewerk/01-03 - Here We Go (Framewerk Remix).mp3"
jVXNCVYagnkCjDNvV5ezhg,Antonio Vivaldi,"Concerto In F Major for Violin, String Orchestra and Continuo, Op. 8, No. 3, RV 293, (L'autumno)",Antonio Vivaldi,,302,mp3,"Antonio Vivaldi/Antonio Vivaldi/Concerto In F Major for Violin, String Orchestra and Continuo, Op. 8, No. 3, RV 293, (L'autumno).mp3"
yahE8kjyIEhIpKKUFRfSL4,Antonio Vivaldi,"Concerto In F Minor for Violin, String Orchestra and Continuo, Op. 8, No. 4, RV 297, -L'inverno- (L",Antonio Vivaldi,,215,mp3,"Antonio Vivaldi/Antonio Vivaldi/Concerto In F Minor for Violin, String Orchestra and Continuo, Op. 8, No. 4, RV 297, -L'inverno- (L.mp3"
OQCI7N04FQmoSskL91HzpQ,Antonio Vivaldi,The Four Seasons No. 4 - The Winter,Antonio Vivaldi,,213,mp3,Antonio Vivaldi/Antonio Vivaldi/The Four Seasons No. 4 - The Winter.mp3
Tjl9qwy6mCjmUAnDzyEtIe,Antonio Vivaldi,"The Four Seasons, Violin Concerto No. 2 in G Minor, RV 315 - L'estate - III. Presto, tempo impetuoso",Antonio Vivaldi,,182,mp3,"Antonio Vivaldi/Antonio Vivaldi/The Four Seasons, Violin Concerto No. 2 in G Minor, RV 315 - L'estate - III. Presto, tempo impetuoso.mp3"
Q1L4ORmSB421sMoMY9tByx,"Anturage, S.Samo",Evolving Flow,"Anturage, S.Samo",,388,mp3,"Anturage, S.Samo/Anturage, S.Samo/Evolving Flow.mp3"
A6EyulS7WmgkcETSgJH4e8,Aqua,Barbie Girl,Aqua,,196,mp3,Aqua/Aqua/Barbie Girl.mp3
N54mnp36hC0imgyV66ongG,Aqua,Happy Boys & Girls,Aqua,,214,mp3,Aqua/Aqua/Happy Boys & Girls.mp3
ViRkV16d88lEVVvit40HqZ,Arash,Temptation,Svensk sommar,2008,154,mp3,Blandade artister/Svensk sommar/62 - Temptation.mp3
XlRZJuhvut9WpU5uae2w69,Argy,Tataki,Tataki,2022,328,mp3,Argy/Tataki/Tataki.mp3
vwwysryeTDqD5uZygEbHtr,Arthur Baker,Breaker's Revenge,Arthur Baker,,291,mp3,Arthur Baker/Arthur Baker/Breaker's Revenge.mp3
CQYF4YnwVo3wxLAxi0OmgL,"Artizan, FFM",Believe In Me,"Artizan, FFM",,177,mp3,"Artizan, FFM/Artizan, FFM/Believe In Me.mp3"
OZY2AuRRZUpsP5tfB8ScdL,Artjom Schmidt,Opportunity to Survive,Artjom Schmidt,,87,mp3,Artjom Schmidt/Artjom Schmidt/Opportunity to Survive.mp3
qGqZJX6ifHpYMH0JXsoCUi,Arwelone,Cocktails and Avenues,"Synthwave, Vol. 6",2019,336,mp3,"Arwelone/Synthwave, Vol. 6/Cocktails and Avenues.mp3"
gXwQsbmJU6j6QMwrMlRgxQ,AShamaluevMusic,Action Rock Trailer,AShamaluevMusic,,162,mp3,AShamaluevMusic/AShamaluevMusic/Action Rock Trailer.mp3
0VP8hsfKoRUz150OmQhIB1,AShamaluevMusic,Action Sport Rock Trailer,AShamaluevMusic,,144,mp3,AShamaluevMusic/AShamaluevMusic/Action Sport Rock Trailer.mp3
HdKxDOZU2waR6qsNfZeJOC,AShamaluevMusic,Dubstep,AShamaluevMusic,2019,159,mp3,AShamaluevMusic/AShamaluevMusic/Dubstep.mp3
NJikL7zp2aHpgMRYcSW0cS,Assem,Get It,Assem,,420,mp3,Assem/Assem/Get It.mp3
kQ07fcZW8nuxCYPatkZrNa,Atrey,Sucker Punch,Sucker Punch,2022,243,mp3,Atrey/Sucker Punch/Sucker Punch.mp3
teX2dU11tLysXYMSlj0dqf,Autarkic,Strange Alliances,Autarkic,,465,mp3,Autarkic/Autarkic/Strange Alliances.mp3
bm8PQvtak0yBM15smWFqCJ,Automat,Ost,Automat,,135,mp3,Automat/Automat/Ost.mp3
HH5KRNaDcfldDimTOYxPsL,Ava Max,Salt,Ava Max,,180,mp3,Ava Max/Ava Max/Salt.mp3
RXHhBJvNuiFxuVI61hOPzG,Avenged Sevenfold,Hail to the King,Avenged Sevenfold,,304,mp3,Avenged Sevenfold/Avenged Sevenfold/Hail to the King.mp3
vbBfPz7n6MYKcxF7NvV5NE,AVICN,Northland,AVICN,,227,mp3,AVICN/AVICN/Northland.mp3
tFSrQgMJWTIlaG7mu8mPPN,AVICN,Otherworld,AVICN,,147,mp3,AVICN/AVICN/Otherworld.mp3
G9IP0sxpkeTe0wBY2SsqEQ,AVICN,Reaper,AVICN,,137,mp3,AVICN/AVICN/Reaper.mp3
h5XlYa3CuF42z7UQrtfwBT,AWOLNATION,Run (Beautiful Things),AWOLNATION,,241,mp3,AWOLNATION/AWOLNATION/Run (Beautiful Things).mp3
IsbQHFWD5YGbYSxQHTxMjx,"AYYO, Смоки Мо",Мало,"AYYO, Смоки Мо",,146,mp3,"AYYO, Смоки Мо/AYYO, Смоки Мо/Мало.mp3"
Ebk7TNyKUtxYyPc0qJJpVX,Azis,Mrazish,Azis,,202,mp3,Azis/Azis/Mrazish.mp3
g3BcRn2dYxONtIzroHVzYK,Azzecca,Other Side,Azzecca,,406,mp3,Azzecca/Azzecca/Other Side.mp3
n5nUYgPOSlJNtnqxgXKVCD,B Team,You Wild,B Team,,332,mp3,B Team/B Team/You Wild.mp3
XJhzqQGUBEkrJexwQzz0yG,B-Team,You Wild (Neighbour Remix),B-Team,,413,mp3,B-Team/B-Team/You Wild (Neighbour Remix).mp3
cehZDuf1RwCIUEjGU9HAwt,B.M.FYC,Nebula Drift,Неизвестен,,120,mp3,B.M.FYC/Неизвестен/Nebula Drift.mp3
Wlinmg5ZcBV5M3qOl6kfrD,"BACKWHEN feat. Katebi, 990x",Islands,"BACKWHEN feat. Katebi, 990x",,225,mp3,"BACKWHEN/BACKWHEN feat. Katebi, 990x/Islands.mp3"
lEzKa2ElNd0lVkHIraUbnC,Bad Boys Blue,Come Back And Stay,Bad Boys Blue,,247,mp3,Bad Boys Blue/Bad Boys Blue/Come Back And Stay.mp3
DxAAlA1Mh7Y7pZbg2jAGLV,Bad Boys Blue,I Wanna Hear Your Heartbeat,Bad Boys Blue,,243,mp3,Bad Boys Blue/Bad Boys Blue/I Wanna Hear Your Heartbeat.mp3
LkYueTqpCaEqAYsRdYRfV1,Bad Boys Blue,Kisses & Tears,Bad Boys Blue,,238,mp3,Bad Boys Blue/Bad Boys Blue/Kisses & Tears.mp3
k2Q0qqKRHV13UAfAnjk6eY,Bad Boys Blue,You're A Woman,Bad Boys Blue,,240,mp3,Bad Boys Blue/Bad Boys Blue/You're A Woman.mp3
fWQL4JXb0uVCrhB7kqoEUj,Bad Style,Time Back,Bad Style,,165,mp3,Bad Style/Bad Style/Time Back.mp3
YiazEtZpt4rs7gAqTNmzKA,Bag Raiders,Shooting Stars,Bag Raiders,,235,mp3,Bag Raiders/Bag Raiders/Shooting Stars.mp3
Hpbr5AfhQp1ymMToKXR5gu,Baha Men,Who Let The Dogs Out,Baha Men,2021,183,flac,Baha Men/Baha Men/16 - Who Let The Dogs Out.flac
AFRsQGD1UwTPaOj0Y3ccYt,Bakground,Purpose (Original Mix),Bakground,,394,mp3,Bakground/Bakground/Purpose (Original Mix).mp3
BA1T9ACWu774wfph1QNMuU,Baltimora,Tarzan Boy,Baltimora,,223,mp3,Baltimora/Baltimora/Tarzan Boy.mp3
A7UIEaxEI67wyhaWkOsIpc,Bananarama,Venus,Bananarama,,228,mp3,Bananarama/Bananarama/Venus.mp3
XX142fnM4aJhtVsH9ve34T,Bang La Decks,Aide,#ILOVESPORT Vol.2,2016,267,mp3,Bang La Decks/#ILOVESPORT Vol.2/Aide.mp3
BLh73ezg3yF0dERMW0XpMH,Beastie Boys,Intergalactic,Beastie Boys,,212,mp3,Beastie Boys/Beastie Boys/Intergalactic.mp3
GiRRK02sUGIoyiDhcxwq5D,Beastie Boys,No Sleep Till Brooklyn,Beastie Boys,,246,mp3,Beastie Boys/Beastie Boys/No Sleep Till Brooklyn.mp3
R7f1bUie1V6ojHJLNM0s8e,Bee Gees,Stayin Alive,Bee Gees,,285,mp3,Bee Gees/Bee Gees/Stayin Alive.mp3
MvOVukqLhphSg8DTTQSUMM,Belief (feat. Karniege),Watchu Want,http://vk.com/itunes_official,,177,mp3,Various Artists/http:__vk.com_itunes_official/01-07 - Watchu Want.mp3
P6nu5WUa6NgB3RUyNA3ukN,Ben Gernon,Waltz 2,Ben Gernon,,227,mp3,Ben Gernon/Ben Gernon/Waltz 2.mp3
2FXPCX78ccMRWxuyUNuxsN,Beta,Low Down (Original Mix),Neon Pulse,2025,299,mp3,"DJPool75, Gianni Parrini/Neon Pulse/Low Down (Original Mix).mp3"
snSESMi78PaJ8bVpKxyOSB,BiiTsuper,Pahomdigy - Break and scream,BiiTsuper,,217,mp3,BiiTsuper/BiiTsuper/Pahomdigy - Break and scream.mp3
N3YjYy2G5Gq4lF6fJOFBfM,Bird of Pray,Sadness and Sorrow,Bird of Pray,,172,mp3,Bird of Pray/Bird of Pray/Sadness and Sorrow.mp3
TEk9D1JqZ66PbFRbECYoSS,BITTUEV,Братик,Братик,2021,113,mp3,BITTUEV/Братик/Братик.mp3
cYDA6NvabkbH88eK8QbhOz,Bizalta,Пахомовский Централ,Я прошел сибирь,2002,118,mp3,Михаил Круг/Я прошел сибирь/35 - Пахомовский Централ.mp3
GRWjH7548O5hBbYuxpIOFQ,Blade 2,Soundtrack,Blade 2,,206,mp3,Blade 2/Blade 2/Soundtrack.mp3
AQWBpEb1N4Cxu2vxlDAwzJ,Bless You,Save Me,Bless You,,257,mp3,Bless You/Bless You/Save Me.mp3
JIxaw5zWrWKIV69nM1keBj,BLESSED MANE,Death Is No More,BLESSED MANE,,138,mp3,BLESSED MANE/BLESSED MANE/Death Is No More.mp3
uN4Y63J6iBq6TzrlmSIwFd,Blondie,Maria,Blondie,,291,mp3,Blondie/Blondie/Maria.mp3
qZz8YlyGqGcT1uHcpDRF6P,Bo Burnham,Bezos I,Bo Burnham,,181,mp3,Bo Burnham/Bo Burnham/Bezos I.mp3
5nHa83RgsQd9M5FRob1YZZ,Boccherini,Minuet,Mozart: Academy in Concert,1999,165,mp3,Sir Neville Marriner/Mozart: Academy in Concert/47 - Minuet.mp3
wk4Ar2KHvDFzvvVlZ9SWR2,Bomfunk MC's,Back To Back,Bomfunk MC's,,249,mp3,Bomfunk MC's/Bomfunk MC's/Back To Back.mp3
5SVB3Xp38JOW6ApERcSvDs,Bomfunk MC's,Freestyler,Bomfunk MC's,,247,mp3,Bomfunk MC's/Bomfunk MC's/Freestyler.mp3
ize1NqaOKr4edbcEHxJrdh,Bomfunk MC's,Ladies & Fellas,Bomfunk MC's,,237,mp3,Bomfunk MC's/Bomfunk MC's/Ladies & Fellas.mp3
SE6EZWuCWiH2oRRI8UfA2I,Bomfunk MC's,Live Your Life,Bomfunk MC's,,325,mp3,Bomfunk MC's/Bomfunk MC's/Live Your Life.mp3
d31gpDYeU24VlmunYyFHtj,Bomfunk MC's,Put Ya Hands Up,Bomfunk MC's,,222,mp3,Bomfunk MC's/Bomfunk MC's/Put Ya Hands Up.mp3
wkWaZS1FJGKAU7gS2wVQMQ,Bomfunk MC's,"Rock, Rocking Tha Spot",Bomfunk MC's,,193,mp3,"Bomfunk MC's/Bomfunk MC's/Rock, Rocking Tha Spot.mp3"
PJaIDk6CHIEopgICHsIx5s,Bomfunk MC's,Super Electric,Bomfunk MC's,,305,mp3,Bomfunk MC's/Bomfunk MC's/Super Electric.mp3
Pg7Phz2PvvU0rjmxXdT6e6,Bomfunk MC's,Throw 1 Back At Cha,Bomfunk MC's,,235,mp3,Bomfunk MC's/Bomfunk MC's/Throw 1 Back At Cha.mp3
IWjbl7sKeAEKYPYiMBEvz7,Bomfunk MC's,Uprocking Beats,Bomfunk MC's,,191,mp3,Bomfunk MC's/Bomfunk MC's/Uprocking Beats.mp3
IhkF48Mlxl4342NaxrodZK,Bomfunk MC's feat. Jessica Folker,Something Going On (Crack It),Bomfunk MC's feat. Jessica Folker,,227,mp3,Bomfunk MC's/Bomfunk MC's feat. Jessica Folker/Something Going On (Crack It).mp3
ZKVkujDAg79FqdC70TWQTD,Bon Jovi,It's My Life,Bon Jovi,,224,mp3,Bon Jovi/Bon Jovi/It's My Life.mp3
WWvZkPYGIDw9CYKCR50a75,Bon Jovi,Livin' On A Prayer,Bon Jovi,,250,mp3,Bon Jovi/Bon Jovi/Livin' On A Prayer.mp3
0eFirnBBFvRKx7EEKwKDEJ,Bon Jovi,You Give Love A Bad Name,Bon Jovi,,223,mp3,Bon Jovi/Bon Jovi/You Give Love A Bad Name.mp3
GLLYfLdTOJqmmEM0NlXeSz,Bone Thugs-n-Harmony,1st of Tha Month,Bone Thugs-n-Harmony,,274,mp3,Bone Thugs-n-Harmony/Bone Thugs-n-Harmony/1st of Tha Month.mp3
fvMGec7W3qdC8PocSde5qd,Boney M,Ma Baker,Boney M,,276,mp3,Boney M/Boney M/Ma Baker.mp3
Z7pyv7SD35atRtzJRBUQfg,Boney M.,Daddy Cool,Boney M.,,208,mp3,Boney M./Boney M./Daddy Cool.mp3
LmhEC49QanhxX447SpbDt6,Boney M.,Gotta Go Home,Boney M.,,225,mp3,Boney M./Boney M./Gotta Go Home.mp3
Z0Z4PVWdXzfMAYALU28R7G,Boney M.,Happy Song,Boney M.,,209,mp3,Boney M./Boney M./Happy Song.mp3
XAc3MpV2mRQGQ2jboNCzoY,Boney M.,Kalimba de Luna,Boney M.,,427,mp3,Boney M./Boney M./Kalimba de Luna.mp3
ZptdjPfPP3SbJXiD2s6IUN,Boney M.,Rasputin,Boney M.,,266,mp3,Boney M./Boney M./Rasputin.mp3
th9TR8k6mZYZaHtDi21KpN,Boney M.,Rivers of Babylon,Boney M.,,259,mp3,Boney M./Boney M./Rivers of Babylon.mp3
DPgaqY3wu2Y0g87lOD0qEh,Boney M.,Sunny,Boney M.,,194,mp3,Boney M./Boney M./Sunny.mp3
y6NFtz2OVQPVePJNTtT2rI,Bonnie Tyler,Holding out for a Hero,Bonnie Tyler,,346,mp3,Bonnie Tyler/Bonnie Tyler/Holding out for a Hero.mp3
QDBRQQgYatEuiTHYnyft9c,Boston,Don't Look Back,Boston,,236,mp3,Boston/Boston/09 - Don't Look Back.mp3
1qarsD4GOESkKaw3NdAiAh,Boston,More Than a Feeling,Boston,,205,mp3,Boston/Boston/More Than a Feeling.mp3
2FDypqYy7yEZaSYTmgDunX,Bou & B Live,Nan Slapper,Bou & B Live,,263,mp3,Bou & B Live/Bou & B Live/Nan Slapper.mp3
zdxFyjmSy9nBwcpvEj74VP,Brad Fiedel,Main Title Terminator 2 Theme,Brad Fiedel,,117,mp3,Brad Fiedel/Brad Fiedel/Main Title Terminator 2 Theme.mp3
cVRa7aGcUSEv5jJ4FXXl0D,Bratishka,coco srambo (зеленый слоник) I MMV,Bratishka,,111,mp3,Bratishka/Bratishka/38 - coco srambo (зеленый слоник) I MMV.mp3
E3wuJEobym0O6TrnGDQ7tv,Bratishka,Зеленое вино l MMV (Зеленый Слоник),Bratishka,,49,mp3,Bratishka/Bratishka/39 - Зеленое вино l MMV (Зеленый Слоник).mp3
mHesJZo3NFoRtlQznOUtLx,Bridges,Bahrain,Bridges,,232,mp3,Bridges/Bridges/33 - Bahrain.mp3
SN0VBu3pW0vVn3KLTkXEfJ,Bring Me The Horizon,Can You Feel My Heart,Bring Me The Horizon,,227,mp3,Bring Me The Horizon/Bring Me The Horizon/Can You Feel My Heart.mp3
Y0YqlVyFVIIPEC8XPO1Zg7,Bring Me The Horizon,Shadow Moses,Bring Me The Horizon,,243,mp3,Bring Me The Horizon/Bring Me The Horizon/Shadow Moses.mp3
IF3Rb5KJuWrHgt82oEjlDl,Britney Spears,Gimme More,Britney Spears,,251,mp3,Britney Spears/Britney Spears/Gimme More.mp3
i6IdwuwAUsr0UXipz9qs12,Britny Fox,Girlschool,Britny Fox,,238,mp3,Britny Fox/Britny Fox/Girlschool.mp3
N0mHDPyWmU3CAwk6X4qMQY,Britny Fox,Long Way To Love,Britny Fox,,294,mp3,Britny Fox/Britny Fox/Long Way To Love.mp3
RgTns8caydqfMTNBmTvlKb,BROHUG,Dust,BROHUG,,190,mp3,BROHUG/BROHUG/Dust.mp3
GNwrn5DjyN5Rd0PuUCqahY,BuntaSparks feat. MYTHOS,Cowbang Motherfucker,BuntaSparks feat. MYTHOS,,202,mp3,BuntaSparks/BuntaSparks feat. MYTHOS/Cowbang Motherfucker.mp3
fOj36agJ0oo0iBVEqEWjLq,Byakuya's bankai (phonk),Senbonzakura Kageyoshi,Byakuya's bankai (phonk),,127,mp3,Byakuya's bankai (phonk)/Byakuya's bankai (phonk)/Senbonzakura Kageyoshi.mp3
Nx8aRP5YW2oMFcFjC27Ovk,C.C. Catch,Cause You Are Young,C.C. Catch,,209,mp3,C.C. Catch/C.C. Catch/Cause You Are Young.mp3
eoGdn537eHRUzsLQJYEUfO,C.C. Catch,Heartbreak Hotel,C.C. Catch,,215,mp3,C.C. Catch/C.C. Catch/Heartbreak Hotel.mp3
KSuZMbG2HWQCpXHQ11xFP3,C.C. Catch,Heaven and Hell,C.C. Catch,,219,mp3,C.C. Catch/C.C. Catch/Heaven and Hell.mp3
x2T2qLSCfouxAKUe0dOhPF,C.C. Catch,Nothing but a Heartache,C.C. Catch,,182,mp3,C.C. Catch/C.C. Catch/Nothing but a Heartache.mp3
8g1el6NubuWqqMkdXEih3V,C.C. Catch,Soul Survivor,C.C. Catch,,313,mp3,C.C. Catch/C.C. Catch/Soul Survivor.mp3
INOsMXhIEDisO4lJTCiKm9,C.C. Catch,Strangers by Night,C.C. Catch,,219,mp3,C.C. Catch/C.C. Catch/Strangers by Night.mp3
jM2FE045Z49oYY3jKnsJoh,Caleb Bryant,The Fallen - Caleb Bryant,The Fallen,2024,133,mp3,Caleb Bryant/The Fallen/61 - The Fallen - Caleb Bryant.mp3
UhBRkDYfTk1dZvElEFNIXJ,Campbell & Alcemist,Would You,Campbell & Alcemist,,120,mp3,Campbell & Alcemist/Campbell & Alcemist/Would You.mp3
YTKJ54bdTUXtx97K73NIpt,Capella,U & Me,Capella,,250,mp3,Capella/Capella/U & Me.mp3
MozVkL0TZHCjWjEzuVoiDR,Capital Cities,Safe and Sound,Неизвестен,,236,mp3,Capital Cities/Неизвестен/Safe and Sound.mp3
wYz1p7G81IwdBQnDR51tmf,Cappella,Move On Baby,Cappella,,291,mp3,Cappella/Cappella/Move On Baby.mp3
dO05BjRSJkSzGpthBlqiLu,Captain Jack,Captain Jack,Captain Jack,,332,mp3,Captain Jack/Captain Jack/Captain Jack.mp3
Ast4O26fRG3nuQZjJnwKnk,Caramel,Caramelldancen,Caramel,,177,mp3,Caramel/Caramel/Caramelldancen.mp3
3WLunAnhUu1TITvB8b5Sxq,Cassian,Aran,Aran,2023,342,mp3,Cassian/Aran/01-01 - Aran.mp3
pFB5QMPvs1HZm0McUNLcTX,Castaways,Liar Liar,Castaways,,110,mp3,Castaways/Castaways/Liar Liar.mp3
hAJpZJPXfKdPzndVFq43dz,Casung,Крик души,Casung,,166,mp3,CASUNG/Casung/42 - Крик души.mp3
g7WRDzEuBiNChRU14LJSra,Casung,Ночь в бердянске,Casung,,82,mp3,Casung/Casung/28 - Ночь в бердянске.mp3
dxZ6T4dKdMX4GAJZJchxtc,Casung,Поехавший рэп,Casung,,138,mp3,CASUNG/Casung/43 - Поехавший рэп.mp3
LsYpNYsupFzeVCO1ZTLxfP,Casung,Хороший слоник,Casung,,99,mp3,CASUNG/Casung/45 - Хороший слоник.mp3
i2uNKdTNRWkxKrAkhbvrvL,CELAVI,D U H A S T,CELAVI,,234,mp3,CELAVI/CELAVI/D U H A S T.mp3
B2RBUPbv5UUd9ng1sybgZb,Chamillionaire feat. Krayzie Bone,Ridin',Chamillionaire feat. Krayzie Bone,,303,mp3,Chamillionaire/Chamillionaire feat. Krayzie Bone/Ridin'.mp3
rzJ8ZxNuMtmHytuHACXDgs,Chanel,Bloody Marry (Sped up),Chanel,,191,mp3,Chanel/Chanel/14 - Bloody Marry (Sped up).mp3
SYHa0zOngrLIdj6IsAkwmA,Charlie G,Llama L Amor (1987 euro disco),Charlie G,,234,mp3,Charlie G/Charlie G/Llama L Amor (1987 euro disco).mp3
wTHHfZK5PpkNuxmM4iaIDt,Cher,Believe,Cher,,238,mp3,Cher/Cher/Believe.mp3
SFupxMTNP5ncmy9VFMphMW,CHMCL SØUP,CULT,CHMCL SØUP,,124,mp3,CHMCL SØUP/CHMCL SØUP/CULT.mp3
ebU7f32XQ6WM4hu573hzre,CHMCL SØUP,DARKSIDE,CHMCL SØUP,,136,mp3,CHMCL SØUP/CHMCL SØUP/DARKSIDE.mp3
3sLguLwILHN2nwXUwgZvcP,CHMCL SØUP,PSYCHO,CHMCL SØUP,,141,mp3,CHMCL SØUP/CHMCL SØUP/PSYCHO.mp3
jw6VBTFELbHcE7yu68TAY6,"CHMCL SØUP, ATSMXN",GYM,"CHMCL SØUP, ATSMXN",,120,mp3,"CHMCL SØUP, ATSMXN/CHMCL SØUP, ATSMXN/GYM.mp3"
ADh7uQJpXOsQko1bkf0mnX,"CHMCL SØUP, KoruSe",TOP G,"CHMCL SØUP, KoruSe",,165,mp3,"CHMCL SØUP, KoruSe/CHMCL SØUP, KoruSe/TOP G.mp3"
klO3mAavx6YfdpL4JPvDNk,Chris Le Blanc,Shiva And The Sea,Chris Le Blanc,,372,mp3,Chris Le Blanc/Chris Le Blanc/Shiva And The Sea.mp3
oypdvkt8OaQnb4qhNQJDq1,Christopher Lawrence,Rush Hour,Christopher Lawrence,,350,mp3,Christopher Lawrence/Christopher Lawrence/Rush Hour.mp3
lZAnVNRBInSkfAcR6vXW00,"Chronos, Okolosna",Limitless Highway,"Chronos, Okolosna",,,mp3,"Chronos, Okolosna/Chronos, Okolosna/Limitless Highway.mp3"
uS69E1gQBmYAMWNeShQI1H,Chuck Berry,You Never Can Tell,Chuck Berry,,163,mp3,Chuck Berry/Chuck Berry/You Never Can Tell.mp3
hEn06gwrO35ZXNYZJ1MAWw,Circles Bob,Baraban,Circles Bob,,140,mp3,Circles Bob/Circles Bob/Baraban.mp3
wuDhe3UsTWpS9KI3EHx0oh,Cirez D,Glow,Cirez D,,557,mp3,Cirez D/Cirez D/Glow.mp3
jlDNyCpT651uM6SmQ4sxRr,Clepsydra,Shockwave,Clepsydra,,180,mp3,Clepsydra/Clepsydra/Shockwave.mp3
xFh2el7U6XeMuqtn759vmo,Club 1600,Stay,Club 1600,,281,mp3,Club 1600/Club 1600/Stay.mp3
fUozJA7GPAMTEe0rqHcIhf,Com Truise,Brokendate,Com Truise,,174,mp3,Com Truise/Com Truise/Brokendate.mp3
Qb9tgMYjQ5Qf7vsaOw9bNc,Coolio feat. L.V.,Gangsta's Paradise (feat. L.V.),Coolio feat. L.V.,,242,mp3,Coolio/Coolio feat. L.V./Gangsta's Paradise (feat. L.V.).mp3
7Qx5vGsrW0AtqKVpmukJe4,Corona,Baby Baby,Corona,,228,mp3,Corona/Corona/Baby Baby.mp3
9tVQyNZ1b3qAe2fPBjfZcc,Corona,The Rhythm Of The Night,Corona,,264,mp3,Corona/Corona/The Rhythm Of The Night.mp3
V4OdfvvEwxz8yhA5grbdfJ,Craig Connelly & HALIENE,Other Side of the World (Extended Mix),Craig Connelly & HALIENE,,263,mp3,Craig Connelly & HALIENE/Craig Connelly & HALIENE/Other Side of the World (Extended Mix).mp3
R4mP0ygWIBZeJW7VYHk5KR,CREAM SODA,Никаких Больше Вечеринок,CREAM SODA,,226,mp3,CREAM SODA/CREAM SODA/Никаких Больше Вечеринок.mp3
IffJF3bpImt01HzLCHqqzN,Creedence Clearwater Revival,Fortunate Son,Creedence Clearwater Revival,,138,mp3,Creedence Clearwater Revival/Creedence Clearwater Revival/Fortunate Son.mp3
CsDWILTCEiwl9pboRs2PaO,crystal,isolate exe,crystal,,137,mp3,crystal/crystal/isolate exe.mp3
6B0pBkFfJXa64lmmMC3rqy,Crystal Castles,Empathy,Crystal Castles II,2010,251,mp3,Crystal Castles/Crystal Castles II/01-06 - Empathy.mp3
LCq2w5aPKeRW0cc7c99Pul,Crystal Castles,Kerosene,2. crystal castles,,192,mp3,Crystal Castles/2. crystal castles/Kerosene.mp3
6ATUZg3l4P9jJPNysD9AoG,Crystin,Under My Skin,Crystin,,183,mp3,Crystin/Crystin/Under My Skin.mp3
0pmZxCnKxVXaGB9gcLRThq,Culture Beat,Mr. Vain(1993),Culture Beat,,336,mp3,Culture Beat/Culture Beat/Mr. Vain(1993).mp3
kfBejmvvcykVGYfc9cYCHo,Cushy,Rambo,Cushy,,175,mp3,Cushy/Cushy/Rambo.mp3
x4cchyWOAnpoqs9ZwN18gl,Cutting Crew,(I Just) Died In Your Arms,Cutting Crew,2017,274,flac,VA/Cutting Crew/15 - (I Just) Died In Your Arms.flac
ePJMEr02XDMnHIrPsf0BYo,CXSY GALAXY,THEMIS,CXSY GALAXY,,192,mp3,CXSY GALAXY/CXSY GALAXY/THEMIS.mp3
rme4EvXU0bFJlDLGngRa8n,CyberMafia,Digital Cyberpunk,CyberMafia,,144,mp3,CyberMafia/CyberMafia/Digital Cyberpunk.mp3
pVcAqSb6sttfl7xSHIpUE9,CyberMafia,Digital Phonk,CyberMafia,,121,mp3,CyberMafia/CyberMafia/Digital Phonk.mp3
umMWuQAL18hPbkhx1mkGyf,CyberMafia,Digital Trap,CyberMafia,,126,mp3,CyberMafia/CyberMafia/Digital Trap.mp3
uNcLpBVMhOhpqoU57S0VLf,CyberMafia,Glitch Virus,Glitch Virus,2024,140,mp3,CyberMafia/Glitch Virus/01-01 - Glitch Virus.mp3
y8Rmn3nYFIB8xtrI89FYOH,Cypress Hill,Insane in the Brain,Black Sunday (Radio Version),1993,210,mp3,Cypress Hill/Black Sunday (Radio Version)/03 - Insane in the Brain.mp3
hxVYuqH6CWNrMf6hsYgTJp,CYREX,AFTERLIFE,AFTERLIFE,2022,196,mp3,CYREX/AFTERLIFE/01-01 - AFTERLIFE.mp3
zF6uEGTI0PItVjSyfYn3dY,D.K.,Frozen Sword,Rising,2019,334,mp3,D.K./Rising/Frozen Sword.mp3
6uZb8R8pQS72k4NsohNEx6,D.O.N.S. feat. Technotronic feat. Technotronic,Pump Up The Jam,D.O.N.S. feat. Technotronic feat. Technotronic,,305,mp3,D.O.N.S./D.O.N.S. feat. Technotronic feat. Technotronic/Pump Up The Jam.mp3
9CGJEtFbxZa2mqaj53PXbG,Dabro,Юность,Юность,2020,219,mp3,Dabro/Юность/Юность.mp3
2vVKCbuBnWPewil6JVwB5H,Daft Punk,Giorgio by Moroder,Daft Punk,2017,544,flac,Deezer Artist Editor/Daft Punk/01-11 - Giorgio by Moroder.flac
NbJtymSG6AhBgcOyV45f1c,Daft Punk,"Harder, Better, Faster, Stronger",Daft Punk,,226,mp3,"Daft Punk/Daft Punk/Harder, Better, Faster, Stronger.mp3"
7GHybME4GDslFEmidZEWPA,Daft Punk-Daft Punk,End of Line,Daft Punk-Daft Punk,,156,mp3,Daft Punk-Daft Punk/Daft Punk-Daft Punk/End of Line.mp3
ZjswJtwsILDzRANYMKS7mh,Daler Mehndi,Tunak Tunak Tun,Tunak Tunak Tun,2013,303,mp3,Daler Mehndi/Tunak Tunak Tun/Tunak Tunak Tun.mp3
8u6sD4prxl6UrXv85jPyIN,Dane Whisper,Universe,Dane Whisper,,339,mp3,Dane Whisper/Dane Whisper/Universe.mp3
O9XozevDjfZReViP3YTpPb,Danger Danger,I Still Think About You,Danger Danger,,272,mp3,Danger Danger/Danger Danger/I Still Think About You.mp3
3BKWckPXqKdk2Lew8xI4If,Daniel Powter,Bad Day,Daniel Powter,,233,mp3,Daniel Powter/Daniel Powter/Bad Day.mp3
IuFdA0KCxLTdyZfSmC2WVm,Danil Romanovich,Fufelman (PSY parody),In the Uglyverse,2013,90,mp3,WhatDatStudios/In the Uglyverse/19 - Fufelman (PSY parody).mp3
1991HW8hdHGMJHYHKbDzXf,Darlyn Vlys,Jupiter's Falling (Original Mix),Darlyn Vlys,,434,mp3,Darlyn Vlys/Darlyn Vlys/Jupiter's Falling (Original Mix).mp3
1mACFqSZ20gBvh5N7s3kA4,Darmon & Baron,Sitar,Darmon & Baron,,187,mp3,Darmon & Baron/Darmon & Baron/Sitar.mp3
nT8A3TdDFRQcQ3PcNSbHyP,Darude,Sandstorm,Darude,,225,mp3,Darude/Darude/Sandstorm.mp3
Uvfhg4zMkF3kMiYd8K9UMn,Datsik,Hold It Down (Feat. Georgia Murray),Datsik,,274,mp3,Datsik/Datsik/60 - Hold It Down (Feat. Georgia Murray).mp3
qoLB400aujOwpawx1O2G81,Datsik,Hold It Down (Joe Ford Remix),Datsik,,334,mp3,Datsik/Datsik/Hold It Down (Joe Ford Remix).mp3
ZtxmRuCgjBn299qSoGGuy7,David Davis,Buttons,David Davis,,229,mp3,David Davis/David Davis/Buttons.mp3
zbXhGcmFloKhKS46ZWcvbS,"David Penn, Hosse",I Can't Wait,"David Penn, Hosse",,407,mp3,"David Penn, Hosse/David Penn, Hosse/I Can't Wait.mp3"
AcKCktiEvthsAkqWUgP6zR,Dead Or Alive,You Spin Me Round (Like a Record),Dead Or Alive,,193,mp3,Dead Or Alive/Dead Or Alive/You Spin Me Round (Like a Record).mp3
ZjNrxVsj5HeC1UGhOoFl4l,deadman wonderland,One Reason,deadman wonderland,,261,mp3,deadman wonderland/deadman wonderland/One Reason.mp3
FwFv5tF8N4l7qJIuuCZSqC,Deep Purple,Smoke On The Water,Machine Head - 25th Anniversary Edition,2003,378,mp3,Deep Purple/Machine Head - 25th Anniversary Edition/Smoke On The Water.mp3
AoteYgBqKqcOrOh385OYgM,Def Leppard,Armageddon It,Def Leppard,,322,mp3,Def Leppard/Def Leppard/Armageddon It.mp3
E3WcSWoCNSA5kArCYIZbGx,Def Leppard,I Wanna Touch U,Def Leppard,,217,mp3,Def Leppard/Def Leppard/I Wanna Touch U.mp3
iCthUqDI0PpVhfk24cCeAf,Def Leppard,Let It Go,Def Leppard,,283,mp3,Def Leppard/Def Leppard/Let It Go.mp3
PWERCPW8BtV333GOL5SIhm,Def Leppard,Photograph,Def Leppard,,248,mp3,Def Leppard/Def Leppard/Photograph.mp3
W0lnbVAkyMjw24qUCKKjRo,Def Leppard,Pour Some Suger On Me,Def Leppard,,290,mp3,Def Leppard/Def Leppard/Pour Some Suger On Me.mp3
m1YfTRCEdLei72VGbfSJbI,"Den Maar, The Blockchain",Path Distance (Original Mix),"Den Maar, The Blockchain",,427,mp3,"Den Maar, The Blockchain/Den Maar, The Blockchain/Path Distance (Original Mix).mp3"
10kcnpvlpqRoJggXFmdaC6,DenDerty,Тотальное самоубийство,DenDerty,2016,237,mp3,DenDerty/DenDerty/Тотальное самоубийство.mp3
uAvHTTV7Z0bAAcNJrP8Bik,Deva Premal & Miten,Humming ( Гудение),Deva Premal & Miten,,303,mp3,Deva Premal & Miten/Deva Premal & Miten/Humming ( Гудение).mp3
t7uOTrMZqeUauqnUQN5xE8,Die Woodys,Fichtl's Lied,Die Woodys,,132,mp3,Die Woodys/Die Woodys/Fichtl's Lied.mp3
BCtllyoQd2YdFpzvOdoRi8,Diego Mitre Music,High Orc King Kargalgan - Solo Leveling S2 EP5 OST,Diego Mitre Music,,124,mp3,Diego Mitre Music/Diego Mitre Music/High Orc King Kargalgan - Solo Leveling S2 EP5 OST.mp3
MALSC47EIrGgOd2cf41qv4,Digital Emotion,"Get up, action",Digital Emotion,,282,mp3,"Digital Emotion/Digital Emotion/Get up, action.mp3"
jxp3maa5VE8ZYoEEZ8j7V1,Dillon Francis ft. DJ Snake,Get Low,Dillon Francis ft. DJ Snake,,205,mp3,Dillon Francis/Dillon Francis ft. DJ Snake/Get Low.mp3
KSzHL5XmLi1BA5BW9iQuaC,Dimitri Vegas & Like Mike,Hey Baby,Dimitri Vegas & Like Mike,,191,mp3,Dimitri Vegas & Like Mike/Dimitri Vegas & Like Mike/Hey Baby.mp3
pmbzueZDKBzjyR6AvCqetL,DJ,TAGA-ETO-NE-SSU-K-AM-GLAMURNI,DJ,,501,mp3,DJ/DJ/TAGA-ETO-NE-SSU-K-AM-GLAMURNI.mp3
WiQEHEfEq3dGdCmsjrVGKq,DJ Blyatman,Gopnik,Hardkvas,2017,192,mp3,DJ Blyatman/Hardkvas/01-01 - Gopnik.mp3
exl0XIP74mJX7CLAaqJMnq,DJ Bryanflow feat. DJ Crazy,Hasta el Piso a Perrear Con Este Track (Tamagotchi),DJ Bryanflow feat. DJ Crazy,2023,147,mp3,Dj Bryanflow/DJ Bryanflow feat. DJ Crazy/34 - Hasta el Piso a Perrear Con Este Track (Tamagotchi).mp3
XzXdWVfmZ1fxjXcF0T0KrX,DJ JUAN & Ocean,TOMA BALA X AE PIRANHA MAMA (Slowed),DJ JUAN & Ocean,,164,mp3,DJ JUAN & Ocean/DJ JUAN & Ocean/TOMA BALA X AE PIRANHA MAMA (Slowed).mp3
RhW7Vp4WXzLfGEgGLfehMa,Dj Kone & Marc Palacios,Push the Feeling On,Dj Kone & Marc Palacios,2018,352,mp3,Dj Kone & Marc Palacios/Dj Kone & Marc Palacios/Push the Feeling On.mp3
HdYuRlvtNlwdlAramhUQqO,Dj Lait Perry12,SPACE ENERGY,Dj Lait Perry12,,245,mp3,Dj Lait Perry12/Dj Lait Perry12/SPACE ENERGY.mp3
8mzc62iFH56YwEkVp4KlIC,Dj Lait Perry12,Warning Space,Dj Lait Perry12,,211,mp3,Dj Lait Perry12/Dj Lait Perry12/Warning Space.mp3
2E8lH3gGlxkurgAeG0A0aX,Dj Like,Bum Bich,Dj Like,,284,mp3,Dj Like/Dj Like/Bum Bich.mp3
sxMrM1XCThxJN3A1HwE8jx,DJ Rider,Ballin G (Nopopstar Remix),DJ Rider,,314,mp3,DJ Rider/DJ Rider/Ballin G (Nopopstar Remix).mp3
hW2rk20AvhKVksJAzxuqsa,Dj Sergey Placid (Summer Session 2013),track 9,Dj Sergey Placid (Summer Session 2013),,177,mp3,Dj Sergey Placid (Summer Session 2013)/Dj Sergey Placid (Summer Session 2013)/track 9.mp3
0SzpNTc7AeD1hK5pbKnP0I,DJ Smash,Волна (DJ Antoine & Yoko Remix Edit),DJ Smash,,262,mp3,DJ Smash/DJ Smash/Волна (DJ Antoine & Yoko Remix Edit).mp3
XAmlpYMcXLCh9zIlzaJofr,DJ Tyranny,Apollo Creeds balls (Dark By Design Remix),DJ Tyranny,,426,mp3,DJ Tyranny/DJ Tyranny/Apollo Creeds balls (Dark By Design Remix).mp3
Odm0ABHtYoGcDaD7NoLOS5,DJ Ебан,DJ Ебан,Неизвестен,,98,mp3,DJ Ебан/Неизвестен/DJ Ебан.mp3
Q1pibg2KSh5Derx5ZhgikM,Doctor Warren,Sunset of Ibiza,Doctor Warren,,344,mp3,Doctor Warren/Doctor Warren/Sunset of Ibiza.mp3
4ox3qFtq9IVrXQnPCJ8Ecw,Document One,The Beast,Document One,,301,mp3,Document One/Document One/The Beast.mp3
jNRNzmm3NHFEhIIIZ0xtR5,Dominic Sincere,Fuck off,Dominic Sincere,2022,171,mp3,Dominic Sincere/Dominic Sincere/01-01 - Fuck off.mp3
fKahrKmurh7Vp8eABCYkDA,Dosem & Boxer,Soulvision (Extended Mix),Dosem & Boxer,,373,mp3,Dosem & Boxer/Dosem & Boxer/38 - Soulvision (Extended Mix).mp3
oynPFMo3FvcAk4jpvVZJV1,Double Echo,Rural,Double Echo,,235,mp3,Double Echo/Double Echo/Rural.mp3
8S1eNOy2BQnqFb2QXuZdzN,Dr Dre,Deep Cover,Dr Dre,,250,mp3,Dr Dre/Dr Dre/Deep Cover.mp3
JpcEzU5zW6HEzORC3sXVH2,Dr Dre & Snoop Dogg,Smoke Weed Every Day,Dr Dre & Snoop Dogg,,213,mp3,Dr Dre & Snoop Dogg/Dr Dre & Snoop Dogg/Smoke Weed Every Day.mp3
uBAQ9ZI9XrYN8LDYjnjlEM,Dr. Dre,Nuthin' But A G Thang,Dr. Dre,,238,mp3,Dr. Dre/Dr. Dre/Nuthin' But A G Thang.mp3
aLObK0tZ7OMyEaKWnLrmUW,Dr. Dre & Snoop Dogg,The Next Episode,Dr. Dre & Snoop Dogg,,318,mp3,Dr. Dre & Snoop Dogg/Dr. Dre & Snoop Dogg/The Next Episode.mp3
t75wy7IoQh982sf7r2hc07,Dr. Dre feat. Snoop Dogg,Still D.R.E.,Dr. Dre feat. Snoop Dogg,,270,mp3,Dr. Dre/Dr. Dre feat. Snoop Dogg/Still D.R.E..mp3
b2cFwaEm7jymQ1FEbGEtzv,Dragon Ball,Cha-La Head-Cha-La,Dragon Ball,,199,mp3,Dragon Ball/Dragon Ball/Cha-La Head-Cha-La.mp3
JNKrpeq8n9c4QWjQSZkmV6,Drowning Pool,Bodies,Sinner (Unlucky 13th Anniversary Deluxe Edition),2001,202,mp3,Drowning Pool/Sinner (Unlucky 13th Anniversary Deluxe Edition)/01-02 - Bodies.mp3
3OeuFvb62kwf3xkZZQfaLd,Duncan Laurence,Arcade,Duncan Laurence,,183,mp3,Duncan Laurence/Duncan Laurence/Arcade.mp3
59dngjl8DzgOhMGtHTR0Pj,DVRST,Close eyes (extended version),DVRST,,222,mp3,DVRST/DVRST/Close eyes (extended version).mp3
2c7OAgbNYYeCeOBKkP5Zqw,E-rotic,Max Don't Have Sex with Your Ex,E-rotic,,211,mp3,E-rotic/E-rotic/Max Don't Have Sex with Your Ex.mp3
G8ewvNl41mJ7ncNAow0kpD,E7,Слоновые сказки,E7,,137,mp3,E7/E7/Слоновые сказки.mp3
MZweDLBks0NBP6QYHrVAFa,E777,Freesrayler,E777,,82,mp3,E777/E777/25 - Freesrayler.mp3
jO7QvDq0cJDgcmj2KO87Ed,E777,Он тебя целует (Шишки Вверх!),E777,,130,mp3,E777/E777/48 - Он тебя целует (Шишки Вверх!).mp3
nDC5lJgEniu5aWXlG53ZBk,"Earth, Wind & Fire",September,"Earth, Wind & Fire",,215,mp3,"Earth, Wind & Fire/Earth, Wind & Fire/September.mp3"
Xw4UAEjE5JfrBDvKJA6QMk,Eddie Murphy,Party All the Time,Eddie Murphy,,252,mp3,Eddie Murphy/Eddie Murphy/Party All the Time.mp3
b5ypy2pNeWCnX2Fzewt4SS,EDDY HUNTINGTON,U.S.S.R. (12-) - 1986,EDDY HUNTINGTON,,352,mp3,EDDY HUNTINGTON/EDDY HUNTINGTON/U.S.S.R. (12-) - 1986.mp3
WgmEAZ4yrcSmjkj6C9xJuZ,Eiffel 65,Blue (Da Ba Dee),Eiffel 65,,283,mp3,Eiffel 65/Eiffel 65/Blue (Da Ba Dee).mp3
IE3RFKEtYbwzsYBnQpCzmM,Eisbrecher,This is Deutsch (SITD-Remix),Eisbrecher,,272,mp3,Eisbrecher/Eisbrecher/This is Deutsch (SITD-Remix).mp3
y1moKagVIDE1HiJ0mdIYvZ,Elderbrook,Old Friend,Elderbrook,,199,mp3,Elderbrook/Elderbrook/Old Friend.mp3
l6YiS7MoGnr412ZmTI1PLE,Else,Paris,Paris,2016,209,mp3,Else/Paris/01-01 - Paris.mp3
g2OVhAH7HvhfrmRCrLSwrH,elSKemp,BreakNbeats,Siberian Breaks,2019,190,mp3,elSKemp/Siberian Breaks/BreakNbeats.mp3
XxAliSaUP4xqxsPSFaafc0,"Elvis Presley, JXL",A Little Less Conversation,"Elvis Presley, JXL",,211,mp3,"Elvis Presley, JXL/Elvis Presley, JXL/A Little Less Conversation.mp3"
4QVtnoadLEsH1VJSuaClUT,Emi Galvan,Wake Up,Emi Galvan,,474,mp3,Emi Galvan/Emi Galvan/Wake Up.mp3
UDDh2lag2XgG3AugCmyfUR,Eminem,Rap God,Eminem,,363,mp3,Eminem/Eminem/Rap God.mp3
OSJGNNyoo2HkbxCDKYkzPk,ENCASSATOR,Never Met!,ENCASSATOR,,92,mp3,ENCASSATOR/ENCASSATOR/Never Met!.mp3
sVVFk4NWT0W1HoOHY1Dxqy,Enigma,Sadness,Enigma,,254,mp3,Enigma/Enigma/Sadness.mp3
ZDpEwFjYrvNYygBALTZMTD,Enjoykin,Nyash Myash,Enjoykin,,130,mp3,Enjoykin/Enjoykin/Nyash Myash.mp3
NLk1tS7hiWwXAhVrlpowBg,Enjoykin,Братишка,Enjoykin,,127,mp3,Enjoykin/Enjoykin/Братишка.mp3
Mj2hOaSjL8cxJVCCm1wGqJ,Enjoykin,Мухи,Enjoykin,,112,mp3,Enjoykin/Enjoykin/44 - Мухи.mp3
OqJAt7vy3VpqpriJ7JC1YJ,Enjoykin,Скайрим,Enjoykin,,97,mp3,Enjoykin/Enjoykin/Скайрим.mp3
hycKiCNzruk4oGaP1S53Ch,"Enoo Napa, DJ Merlon",Lavitate (Original Mix),"Enoo Napa, DJ Merlon",,428,mp3,"Enoo Napa, DJ Merlon/Enoo Napa, DJ Merlon/Lavitate (Original Mix).mp3"
WaO7cfp7nJINOzt4DVJR2v,Enoue,Look Alive,Hello Moto!,2023,135,mp3,Enoue/Hello Moto!/01-02 - Look Alive.mp3
ep8jOgm2GpSJO5o4thFNzy,Enoue,Reload the Gun,Enoue,,232,mp3,Enoue/Enoue/Reload the Gun.mp3
6F8uQNAGnuU9RM9kkuDBQT,"Ensemble Guidantus, Marco Pedrona","Sonata for Violin and Continuo in F Major, Op. 5 No. 1, RV 18: IV. Allegro",100% Vivaldi,2018,136,mp3,"Antonio Vivaldi/100% Vivaldi/51 - Sonata for Violin and Continuo in F Major, Op. 5 No. 1, RV 18: IV. Allegro.mp3"
CEAsNUzcvhOyRv04XH6b9Z,Entspannungsmusik & Wellness,Ave Maria Schubert Musique de Relaxation,Entspannungsmusik & Wellness,,288,mp3,Entspannungsmusik & Wellness/Entspannungsmusik & Wellness/Ave Maria Schubert Musique de Relaxation.mp3
aqsgQP5u7zsPunA6RspfGD,Envotion,Waterdance Festival Sessions,Envotion,,4011,mp3,Envotion/Envotion/Waterdance Festival Sessions.mp3
Mhm4mUGrexFBrFQuSnJeMb,Enya,Only Time,The Very Best Of Enya,2009,218,mp3,Enya/The Very Best Of Enya/Only Time.mp3
eUYJ6v6p5SEcaUB1PySWOo,ERA,Ameno,ERA,,235,mp3,ERA/ERA/Ameno.mp3
ZgOKYgWXK3w8Ra7EuxDI6t,Eruption,One Way Ticket,Eruption,,214,mp3,Eruption/Eruption/One Way Ticket.mp3
8a8yHkaPzzwYXjAwwIu4w6,Eufonia,Caminos Sin Fin,Eufonia,,120,mp3,Eufonia/Eufonia/Caminos Sin Fin.mp3
HakSS6dc5NqrCRMkPRiYOP,"Eurythmics, Annie Lennox, Dave Stewart",Sweet Dreams (Are Made of This),"Eurythmics, Annie Lennox, Dave Stewart",,219,mp3,"Eurythmics, Annie Lennox, Dave Stewart/Eurythmics, Annie Lennox, Dave Stewart/Sweet Dreams (Are Made of This).mp3"
2jsjyLLedZdSCC3h1NzUqd,Evanescence,Bring Me To Life,Evanescence,,237,mp3,Evanescence/Evanescence/Bring Me To Life.mp3
hruOLNfVrjZ0EXYO04iAwN,Evanescense,Everybody's Fool,Evanescense,,196,mp3,Evanescense/Evanescense/Everybody's Fool.mp3
PlyING6ilftpJms6UBMuKg,Every Mothers Nightmare,Love Can Make You Blind,Every Mothers Nightmare,,322,mp3,Every Mothers Nightmare/Every Mothers Nightmare/Love Can Make You Blind.mp3
HDo3GtZhYAaNlz3x2LFHRc,Everything But The Girl,Missing,Everything But The Girl,,235,mp3,Everything But The Girl/Everything But The Girl/Missing.mp3
0O5BknNiNwfF4zk5avbnch,Evgeny Bardyuzha,Muscle Car,Evgeny Bardyuzha,,139,mp3,Evgeny Bardyuzha/Evgeny Bardyuzha/Muscle Car.mp3
NwTSh7m0BA4F7HLX9AcgQb,F.O.O.L,Criminals,F.O.O.L,,250,mp3,F.O.O.L/F.O.O.L/Criminals.mp3
BzQvTvDQvJQlf5jSt0v5Ec,Fabrizio La Marca,It's Calling Me,Fabrizio La Marca,,301,mp3,Fabrizio La Marca/Fabrizio La Marca/It's Calling Me.mp3
ey715x6FsZckNQe37QhExG,Falco,Der Kommissar,Falco,,228,mp3,Falco/Falco/Der Kommissar.mp3
PBAViT0GgoFvtcKummPbum,Falco,Jeanny,Falco,,353,mp3,Falco/Falco/Jeanny.mp3
gZzq12LhucBvCd5VZvEAHy,Falco,Rock Me Amadeus,Falco,,195,mp3,Falco/Falco/Rock Me Amadeus.mp3
1ifjpNQyyKu2wFUFzyaI98,Falco,Vienna Calling (1985),Falco,,253,mp3,Falco/Falco/Vienna Calling (1985).mp3
5yB4igiKJZQ31X1p3VHeKO,False Pregnancy,Evelina Hromchenko,False Pregnancy,,71,mp3,False Pregnancy/False Pregnancy/Evelina Hromchenko.mp3
KqaaWKAFMr2l4YwccXDcve,Fancy,After Midnight,Fancy,,281,mp3,Fancy/Fancy/After Midnight.mp3
aLQGIUfTsNFg96MKrev1H8,Fancy,Angel Eyes,Fancy,,225,mp3,Fancy/Fancy/Angel Eyes.mp3
7871wAQlttFAyEJuuZsucK,Fancy,Bodyguard,Fancy,,385,mp3,Fancy/Fancy/Bodyguard.mp3
FIkCWckuuJGqfnyjnJgLCv,Fancy,Bolero,Fancy,,198,mp3,Fancy/Fancy/Bolero.mp3
hVCZIQGslbEiEi7m5xehHJ,Fancy,Burnin Out The Light (Long Version),Fancy,,259,mp3,Fancy/Fancy/Burnin Out The Light (Long Version).mp3
Cvp0gUHYuRwXOAjHuqlUmP,Fancy,China Blue,Fancy,,281,mp3,Fancy/Fancy/China Blue.mp3
hBZDH5zZUFrFhoRUaXkGnO,Fancy,Chinese Eyes,Fancy,,348,mp3,Fancy/Fancy/Chinese Eyes.mp3
ONFIjEQD7fYZGzFJdcpMsD,Fancy,Colder Than Ice,Fancy,,306,mp3,Fancy/Fancy/Colder Than Ice.mp3
tpnYmwCbPdZOsSDwNjEa8J,Fancy,Flames Of Love,Fancy,,242,mp3,Fancy/Fancy/Flames Of Love.mp3
iGeSGBzFtLsGjInUK6zWSV,Fancy,Fools Cry,Fancy,,237,mp3,Fancy/Fancy/Fools Cry.mp3
ECQKDC3D453ZoilRIje7IZ,Fancy,Get Lost Tonight,Fancy,,392,mp3,Fancy/Fancy/Get Lost Tonight.mp3
rbDq7wOveQjxQ9EKp6yv5y,Fancy,Go Cha Cha,Fancy,,185,mp3,Fancy/Fancy/Go Cha Cha.mp3
gaigt5LrKMAAaYKwAGzB8t,Fancy,I Can't Live Without You (Lonely Nights),Fancy,,335,mp3,Fancy/Fancy/I Can't Live Without You (Lonely Nights).mp3
CyFv0cLNROoXEFcnya9p4i,Fancy,Lady Of Ice,Fancy,,180,mp3,Fancy/Fancy/Lady Of Ice.mp3
loCb77tB040D0WXAZGGcQt,Fancy,Latin Fire,Fancy,,312,mp3,Fancy/Fancy/Latin Fire.mp3
e62LTZbydOjz2a53E58PoQ,Fancy,Love Never Dies,Fancy,,247,mp3,Fancy/Fancy/Love Never Dies.mp3
M0HSD5ns7hNoG7cAFuvNQ2,Fancy,Moscow Is Calling,Fancy,,312,mp3,Fancy/Fancy/Moscow Is Calling.mp3
J1Cv2VMK5LK4ShCpDr4K9y,Fancy,No Tears,Fancy,,198,mp3,Fancy/Fancy/No Tears.mp3
bM7iHqhKkZ0y5emrKNSpGw,Fancy,Slice Me Nice,Fancy,,320,mp3,Fancy/Fancy/Slice Me Nice.mp3
nnI5abPASgL18vClIO4Tz9,Fancy,Way Of Love,Fancy,,265,mp3,Fancy/Fancy/Way Of Love.mp3
eAsglnBwx7aKwfFVnlX0A8,Fatboy Slim,Right Here Right Now,Fatboy Slim,,235,mp3,Fatboy Slim/Fatboy Slim/Right Here Right Now.mp3
O4Dl2ExON9acoyZIZQkdDq,Fatboy Slim,Ya Mama,Fatboy Slim,,338,mp3,Fatboy Slim/Fatboy Slim/Ya Mama.mp3
smciodCzj9phst1Dmp0K84,Fazlija,Helicopter,Fazlija,,226,mp3,Fazlija/Fazlija/Helicopter.mp3
b23RWplZgYMrAHjid4TjfB,Felix Frost,Decission,Felix Frost,,137,mp3,Felix Frost/Felix Frost/Decission.mp3
aLdC21PN5QZD6VXoMYITW3,Fido feat. Mathilda,Joker,Fido feat. Mathilda,,209,mp3,Fido/Fido feat. Mathilda/Joker.mp3
Nwni5ERA9zg58cTTKOQl0R,"FINIVOID, mrjay",IMMERSION,"FINIVOID, mrjay",2022,168,mp3,"FINIVOID, MRJay/FINIVOID, mrjay/28 - IMMERSION.mp3"
yGit6te77pHi5FHckysvjS,Firebeatz & Schella,Wicked (Original Mix),Firebeatz & Schella,,176,mp3,Firebeatz & Schella/Firebeatz & Schella/Wicked (Original Mix).mp3
3Vx6qVQI0kioewIbliasv9,FISHER,Losing It,FISHER,,163,mp3,FISHER/FISHER/Losing It.mp3
B8avhHohlH9xANjIpy6LAi,Fiyahhh,I cant explain,Fiyahhh,,127,mp3,Fiyahhh/Fiyahhh/46 - I cant explain.mp3
pJNPdBnVCqRiLwaTQnqbOd,Flo Rida feat. T-Pain,Low (feat. T-Pain),Flo Rida feat. T-Pain,,231,mp3,Flo Rida/Flo Rida feat. T-Pain/Low (feat. T-Pain).mp3
3FAxxIRj87nKJiGIDviIro,Fluke,Absurd,Fluke,,220,mp3,Fluke/Fluke/Absurd.mp3
vUeuzN20r0uceo0v2UWdBJ,Fluke,Another Kind Of Blues,Fluke,,277,mp3,Fluke/Fluke/Another Kind Of Blues.mp3
xNdxaYeUQWMnCWaTqww9NE,Fluke,Atom Bomb,Fluke,,345,mp3,Fluke/Fluke/Atom Bomb.mp3
jEyHjBZljoYVWiREI09xEf,Fluke,Switch - Twitch,Fluke,,573,mp3,Fluke/Fluke/Switch - Twitch.mp3
TGgudjAFe3CLGV3zXdJ362,Fluke,YKK,Fluke,,405,mp3,Fluke/Fluke/YKK.mp3
b4ICXSHGGL8QCdW2bE26Cx,Fluke,Zion,Fluke,,273,mp3,Fluke/Fluke/Zion.mp3
FVQxlNgViSVTvSJk4bgrfK,Foghat,Slow Ride,Foghat,,494,mp3,Foghat/Foghat/Slow Ride.mp3
Ftdte9tEvHkX8zp1QJ0x0z,FOLKPRO,Запрети мне,FOLKPRO,,255,mp3,FOLKPRO/FOLKPRO/Запрети мне.mp3
6xY9ePnhFZKdLBbZFk12cd,Formatia Unirea,Sa ma stringi in brate,Formatia Unirea,,441,mp3,Formatia Unirea/Formatia Unirea/Sa ma stringi in brate.mp3
oNUsssNoj6VaeI4aTkw5jx,Foster The People,Pumped Up Kicks,Foster The People,,277,mp3,Foster The People/Foster The People/Pumped Up Kicks.mp3
39p5ItzNNKYYmYGmYeBYqO,France Gall,"Ella, elle l'a",France Gall,,291,mp3,"France Gall/France Gall/Ella, elle l'a.mp3"
RVQ60u99UEdI8fJUeHOlFn,Franzl Lang,Auf und auf voll lebenslust,Franzl Lang,,152,mp3,Franzl Lang/Franzl Lang/Auf und auf voll lebenslust.mp3
iekDmWHazoQblBBoTs6mfG,Franzl Lang,Einen Jodler hor i gern,Franzl Lang,,127,mp3,Franzl Lang/Franzl Lang/Einen Jodler hor i gern.mp3
QMn4oyRI2GyDtQksGfkAmA,"Fred again.., The Blessed Madonna",Marea (we’ve lost dancing),"Fred again.., The Blessed Madonna",,285,mp3,"Fred again.., The Blessed Madonna/Fred again.., The Blessed Madonna/Marea (we’ve lost dancing).mp3"
y01alTmolL5t72IylWw1nv,FREE FLOW FLAVA,001,FREE FLOW FLAVA,,125,mp3,FREE FLOW FLAVA/FREE FLOW FLAVA/001.mp3
RlCtBvPTtyAjmvasK0OoG3,FREE FLOW FLAVA,002,FREE FLOW FLAVA,,121,mp3,FREE FLOW FLAVA/FREE FLOW FLAVA/002.mp3
YFdx8aSdR69ppv2mlo3Byk,FREE FLOW FLAVA,003,FREE FLOW FLAVA,,129,mp3,FREE FLOW FLAVA/FREE FLOW FLAVA/003.mp3
ABv6hQK7G9I1seCIf8PpBB,FREE FLOW FLAVA,005,FREE FLOW FLAVA,,148,mp3,FREE FLOW FLAVA/FREE FLOW FLAVA/005.mp3
E67HQb2syG4OU9pvZ5MF3Q,FREE FLOW FLAVA,006,FREE FLOW FLAVA,,149,mp3,FREE FLOW FLAVA/FREE FLOW FLAVA/006.mp3
iVBw9NrOCatY7KwjxPbOt1,FREE FLOW FLAVA,008,FREE FLOW FLAVA,,227,mp3,FREE FLOW FLAVA/FREE FLOW FLAVA/008.mp3
TxmY4WlXFoxOztcCxWkKW8,FREE FLOW FLAVA,009,FREE FLOW FLAVA,,110,mp3,FREE FLOW FLAVA/FREE FLOW FLAVA/009.mp3
52vArHaQIAkiILvet4eGi9,FREE FLOW FLAVA,010,FREE FLOW FLAVA,,117,mp3,FREE FLOW FLAVA/FREE FLOW FLAVA/010.mp3
cbnZDgwKr5LoH87vXZpb6P,FREE FLOW FLAVA,012,FREE FLOW FLAVA,,171,mp3,FREE FLOW FLAVA/FREE FLOW FLAVA/012.mp3
iXSb7qRkIitoHy96vBbW0n,FREE FLOW FLAVA,015,FREE FLOW FLAVA,,113,mp3,FREE FLOW FLAVA/FREE FLOW FLAVA/015.mp3
PsYgYcKISFbBzhPzkqqcqM,FREE FLOW FLAVA,017,FREE FLOW FLAVA,,127,mp3,FREE FLOW FLAVA/FREE FLOW FLAVA/017.mp3
Mv1rp1ITRTXd0HNoY5zgEk,FREE FLOW FLAVA,020,FREE FLOW FLAVA,,140,mp3,FREE FLOW FLAVA/FREE FLOW FLAVA/020.mp3
icjLnHmpBK48ocycM6MWOO,FREE FLOW FLAVA,Blood Lines,FREE FLOW FLAVA,,133,mp3,FREE FLOW FLAVA/FREE FLOW FLAVA/Blood Lines.mp3
FexXVtal7ZFW00E80dq461,FREE FLOW FLAVA,Bloody Dynasty,FREE FLOW FLAVA,,136,mp3,FREE FLOW FLAVA/FREE FLOW FLAVA/Bloody Dynasty.mp3
5zTvddbOARM7n0i8tvnZQS,FREE FLOW FLAVA,Delusion,FREE FLOW FLAVA,,98,mp3,FREE FLOW FLAVA/FREE FLOW FLAVA/Delusion.mp3
pPQOX1FkikUy0yaLYaLXsY,FREE FLOW FLAVA,Final Round,FREE FLOW FLAVA,,165,mp3,FREE FLOW FLAVA/FREE FLOW FLAVA/Final Round.mp3
2rzkjawJxVOhxR0vJo6J2W,FREE FLOW FLAVA,FUJI,FREE FLOW FLAVA,,240,mp3,FREE FLOW FLAVA/FREE FLOW FLAVA/FUJI.mp3
Rs2qv1TYYFDniozKOD1wWw,FREE FLOW FLAVA,Fury,FREE FLOW FLAVA,,160,mp3,FREE FLOW FLAVA/FREE FLOW FLAVA/Fury.mp3
mDLcW2iIvznRCFB3n72XsK,FREE FLOW FLAVA,Godzilla,FREE FLOW FLAVA,,162,mp3,FREE FLOW FLAVA/FREE FLOW FLAVA/Godzilla.mp3
fYAtx895gaBwh5refIBVeV,FREE FLOW FLAVA,Golden face,FREE FLOW FLAVA,,111,mp3,FREE FLOW FLAVA/FREE FLOW FLAVA/Golden face.mp3
cGRO1AOl2jZGUcydGuTI0V,FREE FLOW FLAVA,Good Story,FREE FLOW FLAVA,,155,mp3,FREE FLOW FLAVA/FREE FLOW FLAVA/Good Story.mp3
cbm1eiSRA5Qjvd6ENqblj3,FREE FLOW FLAVA,Invasion,FREE FLOW FLAVA,,175,mp3,FREE FLOW FLAVA/FREE FLOW FLAVA/Invasion.mp3
TwZ7RT4x9E4NOcqc2DNGgf,FREE FLOW FLAVA,Kurama,FREE FLOW FLAVA,,74,mp3,FREE FLOW FLAVA/FREE FLOW FLAVA/Kurama.mp3
j4sonPJK2LKsPgPmEFxqkF,FREE FLOW FLAVA,Mantra,FREE FLOW FLAVA,,166,mp3,FREE FLOW FLAVA/FREE FLOW FLAVA/Mantra.mp3
IMX651RQgVETo5M6qQmiSw,FREE FLOW FLAVA,Mistake,FREE FLOW FLAVA,,165,mp3,FREE FLOW FLAVA/FREE FLOW FLAVA/Mistake.mp3
xT3EcTYzZ2B9gDqjv3gS3L,FREE FLOW FLAVA,No Gods,FREE FLOW FLAVA,,180,mp3,FREE FLOW FLAVA/FREE FLOW FLAVA/No Gods.mp3
UQMz6pWHRBkLMlmH4uebAg,FREE FLOW FLAVA,No Limit,FREE FLOW FLAVA,,164,mp3,FREE FLOW FLAVA/FREE FLOW FLAVA/No Limit.mp3
bX7g4cA1xwJB7ViUwv1Ysr,FREE FLOW FLAVA,Quick and the Dead,FREE FLOW FLAVA,,109,mp3,FREE FLOW FLAVA/FREE FLOW FLAVA/Quick and the Dead.mp3
lF5R2CFZVGX8uquXkfU8yw,FREE FLOW FLAVA,Rise Up,FREE FLOW FLAVA,,166,mp3,FREE FLOW FLAVA/FREE FLOW FLAVA/Rise Up.mp3
lFDifvc4TT08kzORjBGzHe,FREE FLOW FLAVA,Sagari,FREE FLOW FLAVA,,235,mp3,FREE FLOW FLAVA/FREE FLOW FLAVA/Sagari.mp3
ExznsxiyVDE9NmLIFddxQx,FREE FLOW FLAVA,Satsujin,FREE FLOW FLAVA,,167,mp3,FREE FLOW FLAVA/FREE FLOW FLAVA/Satsujin.mp3
OrLQAE8QR7etcP0FomnEdF,FREE FLOW FLAVA,Shakotan,FREE FLOW FLAVA,,153,mp3,FREE FLOW FLAVA/FREE FLOW FLAVA/Shakotan.mp3
iAmQev1tNGVb1FfdCghLOa,FREE FLOW FLAVA,Shinigami,FREE FLOW FLAVA,,150,mp3,FREE FLOW FLAVA/FREE FLOW FLAVA/Shinigami.mp3
9Xi2jKGfdm6kFi0TDYDQdO,FREE FLOW FLAVA,Shinjuku,FREE FLOW FLAVA,,165,mp3,FREE FLOW FLAVA/FREE FLOW FLAVA/Shinjuku.mp3
hPlEyZ4BYnSEFZsSDdeTPi,FREE FLOW FLAVA,Smoke,FREE FLOW FLAVA,,215,mp3,FREE FLOW FLAVA/FREE FLOW FLAVA/Smoke.mp3
Ga38dykv1zahm9C7GUSH4o,FREE FLOW FLAVA,Snake style,FREE FLOW FLAVA,,165,mp3,FREE FLOW FLAVA/FREE FLOW FLAVA/Snake style.mp3
lLKdQqk9w43fIH5MNl7U4W,FREE FLOW FLAVA,Sukuna,FREE FLOW FLAVA,,142,mp3,FREE FLOW FLAVA/FREE FLOW FLAVA/Sukuna.mp3
whBuubTSYuuwQZf0gbcHY3,FREE FLOW FLAVA,Sword Of Truth,FREE FLOW FLAVA,,159,mp3,FREE FLOW FLAVA/FREE FLOW FLAVA/Sword Of Truth.mp3
STQlq3ZWkIcYFJ3gfVQhQ6,FREE FLOW FLAVA,This Is Japan,FREE FLOW FLAVA,,162,mp3,FREE FLOW FLAVA/FREE FLOW FLAVA/This Is Japan.mp3
NrJ9oBtl0vMUdbiW17JdeJ,FREE FLOW FLAVA,Tvzxr Kombvt Killv,FREE FLOW FLAVA,,109,mp3,FREE FLOW FLAVA/FREE FLOW FLAVA/Tvzxr Kombvt Killv.mp3
weCiR2RtHDqm5yR0ITuBE3,"FREE FLOW FLAVA, NKOHA",MADARA,"FREE FLOW FLAVA, NKOHA",,173,mp3,"FREE FLOW FLAVA, NKOHA/FREE FLOW FLAVA, NKOHA/MADARA.mp3"
WAgiLo9SWGGhN76NMLyllV,Fury Weekend,Another Brick in the Wall (Instrumental),Fury Weekend,2017,251,mp3,Fury Weekend/Fury Weekend/Another Brick in the Wall (Instrumental).mp3
9Q0ocRYP14mis9l9t14kOL,Future,Mask Off,Future,,155,mp3,Future/Future/Mask Off.mp3
KC6Tkza7dTpMCdxIz6ImCr,Galil Pump,Beat Mata Trepa,Galil Pump,,257,mp3,Galil Pump/Galil Pump/Beat Mata Trepa.mp3
0ToAU263flrxkwbFQPJUmf,GAYAZOV$ BROTHER$,Увезите меня на Дип-хаус,GAYAZOV$ BROTHER$,,176,mp3,GAYAZOV$ BROTHER$/GAYAZOV$ BROTHER$/Увезите меня на Дип-хаус.mp3
tx7dxrbg4gYRLGelYAk8co,Gazebo,I Like Chopin,Gazebo,,457,mp3,Gazebo/Gazebo/I Like Chopin.mp3
0DqOeLHLwqmF3i2t9wCZPu,Geek Music,Bleach (2004) - Ichigo's Theme - Number One,Geek Music,,283,mp3,Geek Music/Geek Music/Bleach (2004) - Ichigo's Theme - Number One.mp3
BMCKM2F8hrgMXupQ5gFfy1,"Gene Kelly, M-G-M Studio Orchestra",Singin' In The Rain,"Gene Kelly, M-G-M Studio Orchestra",,292,mp3,"Gene Kelly, M-G-M Studio Orchestra/Gene Kelly, M-G-M Studio Orchestra/Singin' In The Rain.mp3"
oXjDHebtlNt1R6P2nDErDL,George Ergemlidze,Strangers,George Ergemlidze,,208,mp3,George Ergemlidze/George Ergemlidze/Strangers.mp3
LeXqy2JiUGAXPIB4EyWm3H,George Michael,Careless Whisper,George Michael,,297,mp3,George Michael/George Michael/Careless Whisper.mp3
43Nr1lshwsxn2XKvaZ5hb6,George Michael,Fastlove,George Michael,,323,mp3,George Michael/George Michael/Fastlove.mp3
xC0WxPwYejqOSA34WBg3oj,George Thorogood & The Destroyers,Bad To The Bone,George Thorogood & The Destroyers,,292,mp3,George Thorogood & The Destroyers/George Thorogood & The Destroyers/Bad To The Bone.mp3
g3fOmNVCaDqTLcznDXbw5D,Gesaffelstein,Opr,Gesaffelstein,,234,mp3,Gesaffelstein/Gesaffelstein/Opr.mp3
L9lBDWTqQIqCcilBddWUxN,Gh05t,Just Give Me Your Hand,Light Of Your Smile,2018,276,mp3,Gh05t/Light Of Your Smile/Just Give Me Your Hand.mp3
xMNAH0CbroafV15OriW0zW,Ghostface Playa,Why Not,Why Not,2022,165,mp3,Ghostface Playa/Why Not/59 - Why Not.mp3
K6hbyu2PZ7KQxCrJEQAofx,"Gil Shaham, Adele Anthony, Erik Risberg, Gothenburg Symphony Orchestra, Neeme Järvi",Pärt- Tabula rasa - 1. Ludus- C,"Gil Shaham, Adele Anthony, Erik Risberg, Gothenburg Symphony Orchestra, Neeme Järvi",,592,mp3,"Gil Shaham, Adele Anthony, Erik Risberg, Gothenburg Symphony Orchestra, Neeme Järvi/Gil Shaham, Adele Anthony, Erik Risberg, Gothenburg Symphony Orchestra, Neeme Järvi/Pärt- Tabula rasa - 1. Ludus- C.mp3"
VIj5DJQuV0VBprrjKm3PJG,Gillette,Short Short Man,Gillette,2012,200,mp3,Gillette/Gillette/Short Short Man.mp3
uEncnVIqu3B7t4c1ZZ0UHy,girl in red,summer depression,girl in red,,151,mp3,girl in red/girl in red/summer depression.mp3
yWrRCY2T1Gajl5UMbWFFy7,glichery,Sea Of Problems,glichery,,110,mp3,glichery/glichery/Sea Of Problems.mp3
lfQS6s7l6ahaZPOtVDScQc,Gloria Estefan,Don't Wanna Lose You,Love Songs,2009,249,mp3,Gloria Estefan/Love Songs/Don't Wanna Lose You.mp3
cb6zhCqn3wRw6i7ZL1wC1n,glwzbll,Untitled -13 (Slowed + Reverb),glwzbll,,144,mp3,glwzbll/glwzbll/Untitled -13 (Slowed + Reverb).mp3
ItNeo6w7nxuPLLHfy3sgxE,Gnarls Barkley,Crazy,Gnarls Barkley,,182,mp3,Gnarls Barkley/Gnarls Barkley/Crazy.mp3
BXfF80xHsU5P75T0TmF25O,GNTLS feat. ЭНДЖЕ,Солнышко,GNTLS feat. ЭНДЖЕ,,234,mp3,GNTLS/GNTLS feat. ЭНДЖЕ/Солнышко.mp3
JQxAh8HtSmK7BMir9GTwI8,"GONE.Fludd, FLESH",CRASH BASH (prod. by CAKEBOY),"GONE.Fludd, FLESH",,177,mp3,"GONE.Fludd, FLESH/GONE.Fludd, FLESH/CRASH BASH (prod. by CAKEBOY).mp3"
V1cpoxSaDCSzofmAV1NkJX,Goodboys,Bongo Cha Cha Cha,Bongo Cha Cha Cha,2021,113,mp3,Goodboys/Bongo Cha Cha Cha/01-01 - Bongo Cha Cha Cha.mp3
329uMI4VMOAF4zwLWSzEC6,Gor Gylka,Фуфлыжный криминал (Smooth Criminal),散集2018(mixtape),2018,99,mp3,ToYX/散集2018(mixtape)/36 - Фуфлыжный криминал (Smooth Criminal).mp3
pgIWYKLNGPLZIRsb3H9S74,Gorky Park,Moscow Calling,Moscow Calling,1992,310,mp3,Gorky Park/Moscow Calling/Moscow Calling.mp3
3QITy0jLowXi1DOfOx5U5d,GRAV,"Хайль, Путин!",GRAV,,89,mp3,"GRAV/GRAV/Хайль, Путин!.mp3"
nXuVZ0FkumfDu8Kj3XLqTC,GraveChill,Twilight,Twilight,2021,116,mp3,GraveChill/Twilight/Twilight.mp3
lrfY1IOml6AQLc29mMn0t9,grimlxck,casino,grimlxck,,146,mp3,grimlxck/grimlxck/casino.mp3
UxD0XO74C1McbZgefgBtW3,GROWORG,Escort Instrumental (remix by СКВОНК),GROWORG,,154,mp3,GROWORG/GROWORG/Escort Instrumental (remix by СКВОНК).mp3
KEmYQK5BYjfs1Il2WjDsJ0,Guns N' Roses,Don't Cry (Original),Guns N' Roses,,283,mp3,Guns N' Roses/Guns N' Roses/Don't Cry (Original).mp3
2FldugOLTht8mtwKH4PF2l,Guns N' Roses,Paradise City,Guns N' Roses,,405,mp3,Guns N' Roses/Guns N' Roses/Paradise City.mp3
1vEWU2aJ75jxm43Esl7uVK,Guns N' Roses,Sweet Child O' Mine,Guns N' Roses,,354,mp3,Guns N' Roses/Guns N' Roses/Sweet Child O' Mine.mp3
OyIaPDlQZgvJcNHUjQfWy7,Guns N' Roses,Welcome To The Jungle,Guns N' Roses,,273,mp3,Guns N' Roses/Guns N' Roses/Welcome To The Jungle.mp3
KopR6PO8oiknNa7EEg4at0,GWRZTRMNR,High Level,High Level,2022,194,mp3,GWRZTRMNR/High Level/High Level.mp3
CGf2bUmjC0hzxjuAuhBqpP,Génération 80,"Voyage, Voyage",Génération 80,,114,mp3,"Génération 80/Génération 80/Voyage, Voyage.mp3"
EEXFKMFEkdxi47pQecRlQc,Haddaway,Life,Haddaway,,256,mp3,Haddaway/Haddaway/Life.mp3
RrbXPAUDhtnenfSUA3YMwX,Haddaway,what is love (slowed + reverb) Mike O´hearn Theme Song - UDKM,Haddaway,,503,mp3,Haddaway/Haddaway/what is love (slowed + reverb) Mike O´hearn Theme Song - UDKM.mp3
WJJedgNU8w4l5K8jo5D2FL,Haddaway N.,Rock My Heart,Haddaway N.,,250,mp3,Haddaway N./Haddaway N./Rock My Heart.mp3
TrgHG858fGJNKrqi91K8xq,Haddaway N.,What is Love,Haddaway N.,,270,mp3,Haddaway N./Haddaway N./What is Love.mp3
Ly0GB1RHLOWTiSmDgUkGwM,Haddaway N.,Who Do You Love,Haddaway N.,,425,mp3,Haddaway N./Haddaway N./Who Do You Love.mp3
dKk8mRC0rsGlk3FXIYlFm1,Hallmore,Exposed,Hallmore,,181,mp3,Hallmore/Hallmore/24 - Exposed.mp3
ZhsmAJtWuQ1FLDcMSiq5B8,"Hamburg State Opera Orchestra, Wilhelm Brückner-Rüggeberg","Peer Gynt Suite No. 1, Op. 46- IV. In the Hall of the Mou","Hamburg State Opera Orchestra, Wilhelm Brückner-Rüggeberg",,159,mp3,"Hamburg State Opera Orchestra, Wilhelm Brückner-Rüggeberg/Hamburg State Opera Orchestra, Wilhelm Brückner-Rüggeberg/Peer Gynt Suite No. 1, Op. 46- IV. In the Hall of the Mou.mp3"
sEzIxLCcOGilJcCCHoMVZN,Hans Zimmer,Mountains,Interstellar: Original Motion Picture Soundtrack,2014,219,mp3,Hans Zimmer/Interstellar: Original Motion Picture Soundtrack/08 - Mountains.mp3
4nQVcJUTi3U2V8RJ9wp8PJ,Hans Zimmer,No Time For Caution,Hans Zimmer,2014,246,flac,Hans Zimmer/Hans Zimmer/02-13 - No Time For Caution.flac
tBfe2ObIyCRrKVrtTPUE4l,Hans Zimmer,Worm Ride,Dune: Part Two (Original Motion Picture Soundtrack),2024,139,mp3,Hans Zimmer/Dune: Part Two (Original Motion Picture Soundtrack)/01-07 - Worm Ride.mp3
ZkWgfzIfV6kyzUYLBe43gl,Harmless,Swing Lynn (slow remix),Harmless,,399,mp3,Harmless/Harmless/Swing Lynn (slow remix).mp3
R1P5IQi5umXeMhi2tZf1Ci,"Head Splitter, EG19",Beyond Future,"Head Splitter, EG19",,224,mp3,"Head Splitter, EG19/Head Splitter, EG19/Beyond Future.mp3"
FcscI0AbkwoSmrcdieXm3o,"Heard Right, Furcloud",Rise,"Heard Right, Furcloud",,247,mp3,"Heard Right, Furcloud/Heard Right, Furcloud/Rise.mp3"
VTEUo2lsMQUMox73DpFhzp,Heldmaschine,Maschinenliebe,Im Fadenkreuz,2019,323,mp3,Heldmaschine/Im Fadenkreuz/01-12 - Maschinenliebe.mp3
UCoHcNM6oLSdoYIEH9XdJj,Hemraz Kumar,Sayna Ke Mor Chot Belna,Sayna Ke Mor Chot Belna,2022,250,mp3,Hemraz Kumar/Sayna Ke Mor Chot Belna/13 - Sayna Ke Mor Chot Belna.mp3
ZFskKxpWWYhZ8T3wAj6AY1,Higgo & Jill Scott,Living My Life (Golden),Higgo & Jill Scott,,252,mp3,Higgo & Jill Scott/Higgo & Jill Scott/Living My Life (Golden).mp3
c4NVUoBLOHNnFTc7FUWWAQ,Hiroyuki Sawano,APETITAN,Hiroyuki Sawano,,331,mp3,Hiroyuki Sawano/Hiroyuki Sawano/APETITAN.mp3
9fOckbvehgy1MosQjwS7By,Hiroyuki Sawano,EMA,Hiroyuki Sawano,,342,mp3,Hiroyuki Sawano/Hiroyuki Sawano/EMA.mp3
rVNQbhMtDZzpcwbjEDY06n,Hiroyuki Sawano,EMA (AoT),Hiroyuki Sawano,,342,mp3,Hiroyuki Sawano/Hiroyuki Sawano/EMA (AoT).mp3
FX5Z80q7XadG9ZjHVC9ig0,Hiroyuki Sawano,ERENthe標,Hiroyuki Sawano,,383,mp3,Hiroyuki Sawano/Hiroyuki Sawano/ERENthe標.mp3
bSO74k2C1KjMgipeBXfhUH,Hiroyuki Sawano,H∅WL,Hiroyuki Sawano,,167,mp3,Hiroyuki Sawano/Hiroyuki Sawano/H∅WL.mp3
lXDTPGwlvLlTMTvrG1U3l7,Hiroyuki Sawano,Shingeki st-hrn-egt Kyojin,Hiroyuki Sawano,2017,301,mp3,Hiroyuki Sawano/Hiroyuki Sawano/01-10 - Shingeki st-hrn-egt Kyojin.mp3
bVLV6XqscLeokUqYjGE34T,Hiroyuki Sawano,Shingeki st-hrn-egt20130629 Kyojin,Hiroyuki Sawano,,158,mp3,Hiroyuki Sawano/Hiroyuki Sawano/Shingeki st-hrn-egt20130629 Kyojin.mp3
OWafdSuOmwt9oHvIwLnrDD,Hiroyuki Sawano,SymphonicSuite AoT Part2,Hiroyuki Sawano,2019,182,mp3,Hiroyuki Sawano/Hiroyuki Sawano/01-11 - SymphonicSuite AoT Part2.mp3
VSin2w7YF9hqBtmqzbRtqL,Hiroyuki Sawano,SymphonicSuite[AoT]Part2-1st attack ON titan,Hiroyuki Sawano,2019,310,mp3,Hiroyuki Sawano/Hiroyuki Sawano/01-10 - SymphonicSuite[AoT]Part2-1st attack ON titan.mp3
fo0JCz99l7Q53UpjbLO7Wi,Hiroyuki Sawano,SymphonicSuite[AoT]Part2-2nd ShingekiNoKyojin,Hiroyuki Sawano,,182,mp3,Hiroyuki Sawano/Hiroyuki Sawano/SymphonicSuite[AoT]Part2-2nd ShingekiNoKyojin.mp3
R2vcrlkGkriCkMdqpXlLiD,Hiroyuki Sawano,TheWeightOfLives,Hiroyuki Sawano,,440,mp3,Hiroyuki Sawano/Hiroyuki Sawano/17 - TheWeightOfLives.mp3
n6nXwkcxn6oOY9vRrl5FZa,Hiroyuki Sawano,YouSeeBIGGIRL-T-T (Vocal- Gemie),Hiroyuki Sawano,,197,mp3,Hiroyuki Sawano/Hiroyuki Sawano/YouSeeBIGGIRL-T-T (Vocal- Gemie).mp3
Gzc79r1FdGAyBtn7RiW8rb,Hiroyuki Sawano,立body機motion,Hiroyuki Sawano,,342,mp3,Hiroyuki Sawano/Hiroyuki Sawano/16 - 立body機motion.mp3
ydqiR0vJoo0WF6dXw2rADh,Hiroyuki Sawano feat. mpi & Laco,Apple Seed,Hiroyuki Sawano feat. mpi & Laco,,345,mp3,Hiroyuki Sawano feat. mpi & Laco/Hiroyuki Sawano feat. mpi & Laco/18 - Apple Seed.mp3
LaSCFtKHmgMJBYIMtmWXic,Hollywood Undead,Usual Suspects,Day Of The Dead,2015,227,mp3,Hollywood Undead/Day Of The Dead/Usual Suspects.mp3
rvXatDobGrlugvKRDkK842,HOME,Resonance,HOME,,212,mp3,HOME/HOME/Resonance.mp3
eOttI7zcNy65wp00TjKWb5,House Of Pain,Jump Around,House Of Pain,,228,mp3,House Of Pain/House Of Pain/Jump Around.mp3
hN3ff39xvWCM9BV4vGP9kx,Hugeloud,Beyond the Clouds,Heaven,2022,198,mp3,Hugeloud/Heaven/Beyond the Clouds.mp3
XcabzqlineMjcGq9lLyKh5,Hugo Loud & OFFMi,GTA (slowed+reverb by yuha),Hugo Loud & OFFMi,,255,mp3,Hugo Loud & OFFMi/Hugo Loud & OFFMi/GTA (slowed+reverb by yuha).mp3
29ZWFgByl3NfIaK3M7UMyP,HXVRMXN,HEADLIGHTS FLASHES,HXVRMXN,,147,mp3,HXVRMXN/HXVRMXN/HEADLIGHTS FLASHES.mp3
KFldGjqRBfYN9wNScSV5Td,HXVRMXN,South,Eclipse,2021,192,mp3,HXVRMXN/Eclipse/South.mp3
9j5T1aYKo8rD59uMEcAU0L,Hyenah,The Idea (Frankey & Sandrino Remix),Hyenah,,449,mp3,Hyenah/Hyenah/The Idea (Frankey & Sandrino Remix).mp3
qlZpq7XbgmeqrOGnFI8i3Y,HYPER,SPOILER,HYPER,,130,mp3,HYPER/HYPER/SPOILER.mp3
RWh1hQc7dNNFvaXjP7lHxd,I cant explain,I cant explain,I cant explain,,123,mp3,I cant explain/I cant explain/I cant explain.mp3
CqtHrp9MMkW2lXrixgWkG7,I MONSTER x Mareux (IanAsher Full TikTok Remix),Who Is She x The Perfect Girl,I MONSTER x Mareux (IanAsher Full TikTok Remix),,212,mp3,I MONSTER x Mareux (IanAsher Full TikTok Remix)/I MONSTER x Mareux (IanAsher Full TikTok Remix)/Who Is She x The Perfect Girl.mp3
t1qfhcA7CJwOhme1Px0AQH,iBertoli,Metamorphosiss,iBertoli,,83,mp3,iBertoli/iBertoli/Metamorphosiss.mp3
EcC7c2RYi0TurNXriYXuEu,IC3PEAK,Смерти Больше Нет,IC3PEAK,,202,mp3,IC3PEAK/IC3PEAK/Смерти Больше Нет.mp3
Bjwnw7OCjkhQ6P3ZAugXcZ,Ice Cube,You Know How We Do It,Ice Cube,2001,232,flac,Ice Cube/Ice Cube/01-09 - You Know How We Do It.flac
yZCvFlpQxyFyGflMDbEqur,Ice Mc,It’S A Rainy Day,Ice Mc,,255,mp3,Ice Mc/Ice Mc/It’S A Rainy Day.mp3
RZXY59Q1TBSztaDD1ugFkL,Ice Mc,Take Away The Colour,Ice Mc,,208,mp3,Ice Mc/Ice Mc/Take Away The Colour.mp3
tLgipqN7RkBTXQNVzznDtk,Identifierz,This Is Hardstyle,Identifierz,,398,mp3,Identifierz/Identifierz/This Is Hardstyle.mp3
qMIIcmYD0pP2epxbfvVlKr,Ihaveonechance & ACIDMANE,Death to Tha Underground,Ihaveonechance & ACIDMANE,,106,mp3,Ihaveonechance & ACIDMANE/Ihaveonechance & ACIDMANE/Death to Tha Underground.mp3
y5fdg4FnxTEkqzEdITAAS3,Imagine Dragons,I’m So Sorry,Imagine Dragons,,230,mp3,Imagine Dragons/Imagine Dragons/I’m So Sorry.mp3
iTmlG86MkLUEkvuH8ZxSrf,In Flames,Deliver Us,In Flames,,210,mp3,In Flames/In Flames/Deliver Us.mp3
InY4OmLQcJH2Y10xXM69Ea,INSTASAMKA,JUICY,INSTASAMKA,,120,mp3,INSTASAMKA/INSTASAMKA/JUICY.mp3
NmBB3L4ahZ8o7rBB5qkOAY,Ion Suruceanu,Numai Tu,Best Of,2018,222,mp3,Ion Suruceanu/Best Of/Numai Tu.mp3
YUu3Bnzulk2mNgD57xH2qe,isq,void (slowed),void,2024,86,mp3,isq/void/void (slowed).mp3
T3mcypJO3HoDuV0MRHV9oO,ITG Studios,Gravitational Forces,ITG Studios,,186,mp3,ITG Studios/ITG Studios/Gravitational Forces.mp3
78A10N7wrGeBECHeUs7W0t,iwilldiehere,Vengeance,iwilldiehere,,134,mp3,iwilldiehere/iwilldiehere/Vengeance.mp3
u9pyofmoGN2kzqy8t96VXO,J. S. Bach,"Toccata & Fugue in D Minor, BWV 565",J. S. Bach,,528,mp3,"J. S. Bach/J. S. Bach/Toccata & Fugue in D Minor, BWV 565.mp3"
zNhaDY45u1tvmQMP6xBFpa,Jacidorex & Popof,Midnight Express (Original),Jacidorex & Popof,,334,mp3,Jacidorex & Popof/Jacidorex & Popof/Midnight Express (Original).mp3
zGKReuBr41N4BhVTef9kIW,Jack B,Frequency,Jack B,,397,mp3,Jack B/Jack B/Frequency.mp3
10MZN8Qvtf4K879ctiyKJW,Jack Braglia,Heavy Metal Intro Theme,Jack Braglia,,109,mp3,Jack Braglia/Jack Braglia/Heavy Metal Intro Theme.mp3
6OXGFGwqwao49c13hcsTlG,"Jafunk, Nic Hanson & NanaBcool",Fool For You,"Jafunk, Nic Hanson & NanaBcool",,175,mp3,"Jafunk, Nic Hanson & NanaBcool/Jafunk, Nic Hanson & NanaBcool/Fool For You.mp3"
iUrPr8RqmAfrMHFiWRaKVx,James Brown,I Got You (I Feel Good),James Brown,,168,mp3,James Brown/James Brown/I Got You (I Feel Good).mp3
cQrGycSxFJCci6POJ3Hx9n,Jan Hammer,Crockett's Theme,80's,2003,211,mp3,Jan Hammer/80's/Crockett's Theme.mp3
frPKaPvjMdjrmRPS2I8XDW,Jan Hammer,The Trial And The Search,Escape From Television,1987,295,mp3,Jan Hammer/Escape From Television/The Trial And The Search.mp3
cvh4HDGxg5cxTjwEsyrq2c,"Jaxomy, Agatino Romero & Raffaella Carrà",Pedro,"Jaxomy, Agatino Romero & Raffaella Carrà",,145,mp3,"Jaxomy, Agatino Romero & Raffaella Carrà/Jaxomy, Agatino Romero & Raffaella Carrà/Pedro.mp3"
fy5oflOLRHs4S6y6a2pVQL,Jay Sean,Ride It,Jay Sean,,190,mp3,Jay Sean/Jay Sean/Ride It.mp3
GOlonNsaqirDuXJd3RpqrE,Jerry Lee Lewis,Great Balls Of Fire,Jerry Lee Lewis,,112,mp3,Jerry Lee Lewis/Jerry Lee Lewis/Great Balls Of Fire.mp3
KF3cgAXmI4sFaO404DJXsC,Jesper Kyd,Ezio's Family,Assassin's Creed II-(OST)-ADVA,2009,237,mp3,Jesper Kyd/Assassin's Creed II-(OST)-ADVA/03 - Ezio's Family.mp3
lUqrWFmEu65lYR1dfvaeAx,Jesse Cook,Tempest 25,Jesse Cook,,198,mp3,Jesse Cook/Jesse Cook/Tempest 25.mp3
X4lBe9yKDac5ARnQH7S8ye,Jessica Jay,Casablanca,Jessica Jay,2023,330,mp3,Jessica Jay/Jessica Jay/Casablanca.mp3
t6m2hBvQki2IxaEgwJwSgd,JNN4,Oliver Tree - Jerk (Speed up tiktok),JNN4,,195,mp3,JNN4/JNN4/Oliver Tree - Jerk (Speed up tiktok).mp3
2gAnUHCIrB0hkJuOQ2VveV,Joe Cocker,You Can Leave Your Hat On,Joe Cocker,,255,mp3,Joe Cocker/Joe Cocker/You Can Leave Your Hat On.mp3
zEoYwN22Ak2bPfq0Bk0vVB,JOEHDAN,GIVE A FUCK,JOEHDAN,,104,mp3,JOEHDAN/JOEHDAN/GIVE A FUCK.mp3
iI3hn7DqISCCLMjnF2Gyke,JOEZI,Amathole feat. LIzwi (Original Mix),Amathole (Radio Edit),2024,323,mp3,"Joezi, Lizwi/Amathole (Radio Edit)/58 - Amathole feat. LIzwi (Original Mix).mp3"
k7fsQDeBnejDRX4qUKdxRg,Johann Sebastian Bach,Ave Maria,Johann Sebastian Bach,,329,mp3,Johann Sebastian Bach/Johann Sebastian Bach/Ave Maria.mp3
aR43tiRZS7YrlP7K6thU8K,Johann Sebastian Bach,Orchestral Suite No. 2 In B Minor- Badinerie,Johann Sebastian Bach,,85,mp3,Johann Sebastian Bach/Johann Sebastian Bach/Orchestral Suite No. 2 In B Minor- Badinerie.mp3
MdEhI6W0lUzlO1hzMZ02ts,Johann Sebastian Bach,"Suite No. 1 in G Major for Solo Cello, BWV 1007- Prelude",Johann Sebastian Bach,,151,mp3,"Johann Sebastian Bach/Johann Sebastian Bach/Suite No. 1 in G Major for Solo Cello, BWV 1007- Prelude.mp3"
FfIAhluqSvCIgvVIltvh0f,John B. Hancock,Cave Of Dreams,John B. Hancock,,65,mp3,John B. Hancock/John B. Hancock/Cave Of Dreams.mp3
O2n1SA9c91NIP2gCVB2mMg,Johnny Hates Jazz,Shattered Dreams,Johnny Hates Jazz,,203,mp3,Johnny Hates Jazz/Johnny Hates Jazz/Shattered Dreams.mp3
WA2KrgAUlizopxhRQBPUuJ,JoJo's Bizarre Adventure- Battle Tendency,Awaken (Pillar Men Theme),JoJo's Bizarre Adventure- Battle Tendency,,201,mp3,JoJo's Bizarre Adventure- Battle Tendency/JoJo's Bizarre Adventure- Battle Tendency/Awaken (Pillar Men Theme).mp3
icOK3VH82sY7YW1Ja6N1OF,Jojo’s Bizarre Adventure OST,Awaken (Simpsonill Remix),Jojo’s Bizarre Adventure OST,,179,mp3,Jojo’s Bizarre Adventure OST/Jojo’s Bizarre Adventure OST/Awaken (Simpsonill Remix).mp3
0qrPyRCW7uqeG1ysC170mM,Joris Voorn,Ryo,Joris Voorn,,313,mp3,Joris Voorn/Joris Voorn/Ryo.mp3
vx5MCHMmZOXMG4eC7He2cO,Josan Iracheta,Ima Demon Slowdown,Josan Iracheta,,149,mp3,Josan Iracheta/Josan Iracheta/Ima Demon Slowdown.mp3
75Ilf5KUJtGWGOshao1PeU,Joy,Touch By Touch,Joy,,210,mp3,Joy/Joy/Touch By Touch.mp3
pnJ4pggTe8VQwikDBVGDUk,"Juice WRLD, Lil Uzi Vert",Wasted (Murkish & Huken Nightcore Remix),"Juice WRLD, Lil Uzi Vert",,180,mp3,"Juice WRLD, Lil Uzi Vert/Juice WRLD, Lil Uzi Vert/Wasted (Murkish & Huken Nightcore Remix).mp3"
bREIkidxsQhPgfc82h8LCx,Jung Kook,Standing Next to You,GOLDEN,2023,206,mp3,Jung Kook/GOLDEN/Standing Next to You.mp3
0NtT887Px9kDtD6ijQMYte,Justin Bieber feat. Ludacris,Baby,Justin Bieber feat. Ludacris,,216,mp3,Justin Bieber/Justin Bieber feat. Ludacris/Baby.mp3
VgQg5nqzMsJQlw6NUiK9y6,Justin Stanley,Am I Wrong,Justin Stanley,,131,mp3,Justin Stanley/Justin Stanley/Am I Wrong.mp3
r6nMNMgRcsiC9Mx4jbSn4V,JVLA,Such a whore,JVLA,,160,mp3,JVLA/JVLA/Such a whore.mp3
u5EtoLOBlrgqEdPxogRIgg,Ka-Zan,Give Me Your Heart 1986,Ka-Zan,,374,mp3,Ka-Zan/Ka-Zan/Give Me Your Heart 1986.mp3
wWJurAk0OLnhftAMMw8kuO,kaemvn,Redbone (Gloopy),kaemvn,,286,mp3,kaemvn/kaemvn/Redbone (Gloopy).mp3
nversoMqa0BdoPB3xRbr55,Kaito Shoma,GAZ,Kaito Shoma,,148,mp3,Kaito Shoma/Kaito Shoma/GAZ.mp3
xslsciibsXY1qCuuIdbHhL,"Kaito Shoma, DJ Paul, Kingpin Skinny Pimp",Scary Garry,"Kaito Shoma, DJ Paul, Kingpin Skinny Pimp",,99,mp3,"Kaito Shoma, DJ Paul, Kingpin Skinny Pimp/Kaito Shoma, DJ Paul, Kingpin Skinny Pimp/Scary Garry.mp3"
FyJZZw0FHwaYWlfiMilEjb,Kaleo,A+B - 02 - Way Down We Go,Kaleo,2016,219,flac,Kaleo/Kaleo/01-02 - A+B - 02 - Way Down We Go.flac
9vPdnfX6IMmHVaGivYaZWb,Kali Uchis,Moonlight - 01 - Moonlight,Kali Uchis,2024,346,flac,Kali Uchis/Kali Uchis/01-01 - Moonlight - 01 - Moonlight.flac
NZbDmB5ypZDORWjWdokCef,"Kalwi, Remi",Explosion,"Kalwi, Remi",,250,mp3,"Kalwi, Remi/Kalwi, Remi/Explosion.mp3"
Cp8Dzm52YlYKDI80ELPmLF,Kansas,Carry on my wayward son,Kansas,,321,mp3,Kansas/Kansas/Carry on my wayward son.mp3
I8QqIXRsZYukRwe5nZBvrt,Kanye West,Flashing Lights,Hip Hop: The Collection 2008,2007,237,mp3,Kanye West/Hip Hop: The Collection 2008/Flashing Lights.mp3
2v4iNK8GzkVrGlHrJT6xdn,Karl Casey,Nightmare City,Karl Casey,,260,mp3,Karl Casey/Karl Casey/Nightmare City.mp3
LF076YSokXLlUg4BloByTW,"Karpovich, DJVEDO, Alex Grafton & Ruslana",We Go Party,"Karpovich, DJVEDO, Alex Grafton & Ruslana",,379,mp3,"Karpovich, DJVEDO, Alex Grafton & Ruslana/Karpovich, DJVEDO, Alex Grafton & Ruslana/We Go Party.mp3"
m1HColqxa2E7QfR8iCi5px,Kasparov,Around The World,Kasparov,,229,mp3,Kasparov/Kasparov/Around The World.mp3
v8fgZpmSraRv4cbiYzNr5p,Kate Rayan,Ela ela,Kate Rayan,,188,mp3,Kate Rayan/Kate Rayan/Ela ela.mp3
dXNSMGCeRLfcov4wpBlXfz,Kaufmann (DE),Banter,Banter,2023,452,mp3,Kaufmann (DE)/Banter/01-01 - Banter.mp3
8BDHo0S6xHNZX0UVgkgw4c,Kavinsky & Lovefoxxx,01 - Nightcall,Kavinsky & Lovefoxxx,2011,259,mp3,Various Artists/Kavinsky & Lovefoxxx/01 - 01 - Nightcall.mp3
p2bDb5CR6c4755bmR637BJ,Kaya North,The Temple (Hymn),Kaya North,,298,mp3,Kaya North/Kaya North/The Temple (Hymn).mp3
OEk6fwQIkYHHdJYW8EH3PF,KC & The Sunshine Band,Give It Up,KC & The Sunshine Band,,250,mp3,KC & The Sunshine Band/KC & The Sunshine Band/Give It Up.mp3
EvYcOeHLCtsUMUTO6niN4L,KC & The Sunshine Band,That's the Way (I Like It),KC & The Sunshine Band,,185,mp3,KC & The Sunshine Band/KC & The Sunshine Band/That's the Way (I Like It).mp3
YuDLYqSbjrX82p00bHfIaw,KE PLAYA & PSYCHOMANE,LVL – DEATH,KE PLAYA & PSYCHOMANE,,169,mp3,KE PLAYA & PSYCHOMANE/KE PLAYA & PSYCHOMANE/LVL – DEATH.mp3
cdM5zltI7kfw0fDrb4xXik,KEAN DYSSO,Deep Enough,KEAN DYSSO,,124,mp3,KEAN DYSSO/KEAN DYSSO/Deep Enough.mp3
oplevIhjS9hKMdM5qeKl2V,Kempel,Кибер панк,Kempel,,191,mp3,Kempel/Kempel/Кибер панк.mp3
H0c5BQ0a9hAOFNxHHFJ0Vs,Ken Laszlo,Hey Hey Guy (12'' Original Version 1984),Ken Laszlo,,458,mp3,Ken Laszlo/Ken Laszlo/Hey Hey Guy (12'' Original Version 1984).mp3
uA2rdwKHxu62oyJXCwiI1K,Kevin Penkin,DropBeat,Kevin Penkin,,213,mp3,Kevin Penkin/Kevin Penkin/DropBeat.mp3
LIuqVvD8om8Xuue2tCAU6z,KickSnareHat,Drift Phonk,KickSnareHat,,118,mp3,KickSnareHat/KickSnareHat/Drift Phonk.mp3
grQiZZVlVgGFzeWsN0spCq,Kid Craze,On My Way,Kid Craze,,114,mp3,Kid Craze/Kid Craze/On My Way.mp3
wY9paTE7Hh0KZHIryWVAIL,Killrude,Swing,Killrude,,158,mp3,Killrude/Killrude/Swing.mp3
0LHrlrB9ExckgPcdX4NhtA,Kim Wilde,You Keep Me Hangin' On,Kim Wilde,,254,mp3,Kim Wilde/Kim Wilde/You Keep Me Hangin' On.mp3
M0eWqczMAT0zoy5Q48swKf,Kimerik Blaze,MDMA,MDMA,2012,257,mp3,Kimerik Blaze/MDMA/MDMA.mp3
qycWj67vKa0SMEpMx4flqe,Kinder Schlaf Unlimited,Kleinkinder,Kinder Schlaf Unlimited,,405,mp3,Kinder Schlaf Unlimited/Kinder Schlaf Unlimited/Kleinkinder.mp3
YM1JR4SV1Ub1XrWjpPmJvm,Klangphonics,Ich Brauch Mehr Bass,Klangphonics,,196,mp3,Klangphonics/Klangphonics/Ich Brauch Mehr Bass.mp3
QRrGqoHRc2T0nSBbQ93QVh,Konstantine Djeb,Silent Hill OST,Final Battle,2018,238,mp3,Konstantine Djeb/Final Battle/01-07 - Silent Hill OST.mp3
hbY8Rmb8c9vuJ84EFBc8dm,Kool & The Gang,Celebration,Kool & The Gang,,298,mp3,Kool & The Gang/Kool & The Gang/Celebration.mp3
Z6FuoOCirmw1IovjehJw3S,Kool&Klean,Far Away,Kool&Klean,,243,mp3,Kool&Klean/Kool&Klean/Far Away.mp3
OlW1y0GSvLTARl60G3zB8i,Kordhell,KILLERS FROM THE NORTHSIDE,Kordhell,,187,mp3,Kordhell/Kordhell/KILLERS FROM THE NORTHSIDE.mp3
mUrwvnHdx8Cx4TpAUg142w,Kordhell,Murder In My Mind,Kordhell,,145,mp3,Kordhell/Kordhell/Murder In My Mind.mp3
3Nt2s00qXRPVgR98R6n9KC,Kordhell,Scopin,Kordhell,,101,mp3,Kordhell/Kordhell/Scopin.mp3
jnQlbvm23GKrVmCteP39bW,Korn,Blame,Korn,,231,mp3,Korn/Korn/Blame.mp3
J1s8P5rHJWDAE2m2VvGYqf,Korn,Right now,Korn,,189,mp3,Korn/Korn/Right now.mp3
9oD4FshYj3DwS7T1FM7WbN,Korn,Twisted Transistor,Korn,,185,mp3,Korn/Korn/Twisted Transistor.mp3
JwxiXKAmzhK1iuNBFPeJ1w,"KoruSe, CHMCL SØUP",BLACKOUT,"KoruSe, CHMCL SØUP",,178,mp3,"KoruSe, CHMCL SØUP/KoruSe, CHMCL SØUP/BLACKOUT.mp3"
FHnpqE0s709BS8QuZ9nm4K,koto,Visitors (Koto Is Still Alive Mix),Visitors,2024,514,mp3,koto/Visitors/01-01 - Visitors (Koto Is Still Alive Mix).mp3
h6koZpOzP9fBGvxwSdLM6Q,KPH,After Hours,KPH,,167,mp3,KPH/KPH/After Hours.mp3
UuvG1Vrrs14KrQV5p3eDgD,Kraftwerk,Die Roboter,Kraftwerk,,260,mp3,Kraftwerk/Kraftwerk/Die Roboter.mp3
EcxA8VM0v6rFWdrmoUwDmy,KREIIIN,OVER HELL,KREIIIN,2025,144,mp3,KREIIIN/KREIIIN/01-02 - OVER HELL.mp3
d9g0JKYTZIX0A4pWMZJIWD,Kris McNamara,Just Drive,Kris McNamara,,259,mp3,Kris McNamara/Kris McNamara/Just Drive.mp3
4zXtoftF7B9M92PaIVWZ1T,Kronoizz,Venus,Kronoizz,,120,mp3,Kronoizz/Kronoizz/23 - Venus.mp3
usiCFPXkQocZeUYk77Ikhg,KUTE,AVOID ME 2,KUTE,,105,mp3,KUTE/KUTE/AVOID ME 2.mp3
tGjIddBBWi8KKbSB1RJOfH,KUTE,TECHNO KILLA,KUTE,,130,mp3,KUTE/KUTE/TECHNO KILLA.mp3
q9Oj0ac8GZhC3QaKKvwLw2,"KUTE, RAIZHELL",Anubis,"KUTE, RAIZHELL",,132,mp3,"KUTE, RAIZHELL/KUTE, RAIZHELL/Anubis.mp3"
KWRdPDBveegrR5pxr7siW2,"KVSTET, PETSMPI",Iced Hearts,"KVSTET, PETSMPI",,149,mp3,"KVSTET, PETSMPI/KVSTET, PETSMPI/Iced Hearts.mp3"
qOrg8COU2Kg68pvHTG0Tmp,KXNVRA,BURNOUT,KXNVRA,,112,mp3,KXNVRA/KXNVRA/BURNOUT.mp3
YzCQpTcRxCcXpYBDqM2DYl,Kyary Pamyu Pamyu,PONPONPON,Kyary Pamyu Pamyu,,242,mp3,Kyary Pamyu Pamyu/Kyary Pamyu Pamyu/PONPONPON.mp3
BQeNLnDwPk375RZii6Z8ox,Kylesa,Come as You Are,Whatever Nevermind: A Tribute to Nirvana's Nevermind,2015,318,mp3,Various Artists/Whatever Nevermind: A Tribute to Nirvana's Nevermind/01-03 - Come as You Are.mp3
KwNFBtudZOIH8QGtLt5jIP,Kyuss,Green Machine,Kyuss,,217,mp3,Kyuss/Kyuss/Green Machine.mp3
I6jspPFHGzFJDb4PzrAX4j,Käärijä,Cha Cha Cha (Eurovision 2023 - Finland),Käärijä,,175,mp3,Käärijä/Käärijä/Cha Cha Cha (Eurovision 2023 - Finland).mp3
t7Fxox4GzsLLw4zgITt1xN,La Bouche,Be My Lover,La Bouche,,323,mp3,La Bouche/La Bouche/Be My Lover.mp3
aQrpKDvRctkHwNxlu9oFla,La Caution,Thé à la menthe,La Caution,2007,254,mp3,La Caution/La Caution/01-02 - Thé à la menthe.mp3
mSMTp8abR3CnmjATwCQbEW,Lady Gaga,Alejandro,Lady Gaga,,274,mp3,Lady Gaga/Lady Gaga/Alejandro.mp3
mzDyKzSq3v792YqTx0y0bO,Lady Gaga,Applause,Lady Gaga,,212,mp3,Lady Gaga/Lady Gaga/Applause.mp3
e0OoWrbAdyToOEmXCOEpeu,Lady Gaga,Babylon,Lady Gaga,,161,mp3,Lady Gaga/Lady Gaga/Babylon.mp3
QEIkDT9A3JLHNrt0NLBqzR,Lady Gaga,Bad Romance,Lady Gaga,,294,mp3,Lady Gaga/Lady Gaga/Bad Romance.mp3
DKXIFNSx25LpqVYmpx1aEC,Lady Gaga,Bloody Mary,Lady Gaga,,244,mp3,Lady Gaga/Lady Gaga/Bloody Mary.mp3
BH0IKt8K8cb9OTbltlmgqM,Lady Gaga,G.U.Y.,Lady Gaga,,232,mp3,Lady Gaga/Lady Gaga/G.U.Y..mp3
Ta16ME0xIk168rxT9Un3q8,Lady Gaga,Judas,Lady Gaga,,249,mp3,Lady Gaga/Lady Gaga/Judas.mp3
ClExTYzkicjg7pRJyjeJCL,Lady Gaga,LoveGame,Lady Gaga,,216,mp3,Lady Gaga/Lady Gaga/LoveGame.mp3
NctSV7VFXFjgIH1l8kSV1r,Lady Gaga,Paparazzi,Lady Gaga,,208,mp3,Lady Gaga/Lady Gaga/Paparazzi.mp3
sSAHHJiNY3YsIToc0sKltN,Lady Gaga,Poker Face,Lady Gaga,,237,mp3,Lady Gaga/Lady Gaga/Poker Face.mp3
LEv2O8ztQFRHWvGWnjJdKW,Lady Gaga,Stupid Love,Lady Gaga,,193,mp3,Lady Gaga/Lady Gaga/Stupid Love.mp3
c80qWlU7boj7qsdy15yOdT,Lady Gaga,The Edge Of Glory,Lady Gaga,,320,mp3,Lady Gaga/Lady Gaga/The Edge Of Glory.mp3
BVhBtUSkLrBQspT5AzC5Nl,Lady Gaga,Venus,Lady Gaga,,233,mp3,Lady Gaga/Lady Gaga/Venus.mp3
gisl2VfEW7RTon8QNgLCgQ,Lady Gaga feat. Colby O'Donis,Just Dance,Lady Gaga feat. Colby O'Donis,,242,mp3,Lady Gaga/Lady Gaga feat. Colby O'Donis/Just Dance.mp3
1iscUKcl2x52u6NAgDIKbC,Laibach,Tanz Mit Laibach,Laibach,,258,mp3,Laibach/Laibach/Tanz Mit Laibach.mp3
XSqQJBWb7S6M4q3AIJOzwB,Laskovy May,Лето,Laskovy May,2022,206,mp3,Laskovy May/Laskovy May/Лето.mp3
M6gZlpi8uSYH4G3h0G4niS,Last Scream,Полулюди,Last Scream,,220,mp3,Last Scream/Last Scream/Полулюди.mp3
rt5TmhzMyHICP66Ed1OgYt,Laura Branigan,Self Control,Laura Branigan,,247,mp3,Laura Branigan/Laura Branigan/Self Control.mp3
cak4MbOBEYJYiCn72gI3pF,Le Castle Vania,Freak,Le Castle Vania,,171,mp3,Le Castle Vania/Le Castle Vania/Freak.mp3
8ocltV01Np4XBpzgDEebYT,Le Castle Vania,Shots Fired,Le Castle Vania,,191,mp3,Le Castle Vania/Le Castle Vania/Shots Fired.mp3
C0ad2C3jmfFAmGIETFiz7r,Led Zeppelin,Immigrant Song,Led Zeppelin,,146,mp3,Led Zeppelin/Led Zeppelin/Immigrant Song.mp3
apD1q2mMmqQYdhcpqLT2TJ,Lian Ross,Say You'll Never,Lian Ross,,227,mp3,Lian Ross/Lian Ross/Say You'll Never.mp3
njQl7BSrrsDThQdfF93S5j,Lil Jon,Get Low,Lil Jon,,263,mp3,Lil Jon/Lil Jon/Get Low.mp3
H221ljEeNmGWmC5U7vigHK,"Lil Jon, DJ Snake",Turn Down for What,"Lil Jon, DJ Snake",,213,mp3,"Lil Jon, DJ Snake/Lil Jon, DJ Snake/Turn Down for What.mp3"
XVZ9ZIA3gz70PO2pgNiog4,Limp Bizkit,Rollin' (Air Raid Vehicle),Limp Bizkit,,214,mp3,Limp Bizkit/Limp Bizkit/Rollin' (Air Raid Vehicle).mp3
bpTC343RqW33dPjg7E2Tvo,Limp Bizkit,Take A Look Around (Миссия невыполнима),Limp Bizkit,,320,mp3,Limp Bizkit/Limp Bizkit/Take A Look Around (Миссия невыполнима).mp3
GskNDqabBqJ7qGoDFPAKSx,Lindemann,Children of the Sun,Lindemann,,220,mp3,Lindemann/Lindemann/Children of the Sun.mp3
WPTeaSOsCwZncQXpIpy1bh,Linkin Park,A Place for My Head,Linkin Park,,184,mp3,Linkin Park/Linkin Park/A Place for My Head.mp3
claVarfvPgUt33OdAZMnfN,Linkin Park,Faint,Linkin Park,,164,mp3,Linkin Park/Linkin Park/Faint.mp3
BiiuTWcLzhu1XfIiQhOKiU,Linkin Park,Given Up,Linkin Park,,189,mp3,Linkin Park/Linkin Park/Given Up.mp3
HDPI7IU8FUwro8asceKoDU,Linkin Park,In the End,Linkin Park,,219,mp3,Linkin Park/Linkin Park/In the End.mp3
C4FJlPsZ45zKz6SZNHDWnm,Linkin Park,New Divide,Linkin Park,,268,mp3,Linkin Park/Linkin Park/New Divide.mp3
D4v2PTZhi32OuWQykSaHUK,Linkin Park,Numb,Linkin Park,,186,mp3,Linkin Park/Linkin Park/Numb.mp3
K9KxhyHqP71Q8Sa95008IP,Linkin Park,Somewhere I Belong,Linkin Park,,212,mp3,Linkin Park/Linkin Park/Somewhere I Belong.mp3
M8NHBftYpG3WMLlS6dggiF,Linkin Park,What I've Done,Linkin Park,,205,mp3,Linkin Park/Linkin Park/What I've Done.mp3
6wMzWEYVv3pQFpsuAQcmg7,Lipps Inc.,Funky Town(Nostalgie),Lipps Inc.,,233,mp3,Lipps Inc./Lipps Inc./Funky Town(Nostalgie).mp3
DE5uprtggnUYbBLffXtMjs,Little Big feat. DenDerty,Rave On,Little Big feat. DenDerty,,204,mp3,Little Big/Little Big feat. DenDerty/Rave On.mp3
cyA853UDNwCBzcr2D3ip1Z,Little Man Big,Better Be Your Life,Little Man Big,,364,mp3,Little Man Big/Little Man Big/Better Be Your Life.mp3
LF3u9emIV7IV0aLaKo3b4W,"LMFAO feat. Lauren Bennett, GoonRock",Party Rock Anthem,"LMFAO feat. Lauren Bennett, GoonRock",,263,mp3,"LMFAO/LMFAO feat. Lauren Bennett, GoonRock/Party Rock Anthem.mp3"
alC3j7oz9y2EjO8cnITxZW,Lofi Chill Hip Hop Beat,Transformation,Lofi Chill Hip Hop Beat,,229,mp3,Lofi Chill Hip Hop Beat/Lofi Chill Hip Hop Beat/37 - Transformation.mp3
tcBtl59LJeA6EmoCJnBfeA,Los Del Rio,Macarena,Los Del Rio,,252,mp3,Los Del Rio/Los Del Rio/Macarena.mp3
f9eDYj099G6qeGqdadcsa1,LOSTMANE,DAWN,LOSTMANE,,154,mp3,LOSTMANE/LOSTMANE/DAWN.mp3
yZfLsUcxiA0JEX9Ss1mPoV,LOSTMANE,Outrun,LOSTMANE,,158,mp3,LOSTMANE/LOSTMANE/Outrun.mp3
UX453JaqPbHca5WnyZtMa9,LOSTMANE,Radiance,LOSTMANE,,142,mp3,LOSTMANE/LOSTMANE/Radiance.mp3
my8OdAA92RhX7IBt3YNzZH,Lou Bega,Mambo No. 5 (A Little Bit Of),Lou Bega,1999,221,flac,Lou Bega/Lou Bega/01-01 - Mambo No. 5 (A Little Bit Of).flac
m5C23mtScKWR72BA0876W1,Loverboy,Queen Of The Broken Hearts,We Are The '80s,2003,230,mp3,Loverboy/We Are The '80s/Queen Of The Broken Hearts.mp3
t8LT5sOBnpFX2tqR44IbDN,Lumi Athena,ICEWHORE! - slowed,ICEWHORE!,2023,123,mp3,Lumi Athena/ICEWHORE!/03 - ICEWHORE! - slowed.mp3
JlR7JJcC5YYenVKUTgb0Z4,Lumi Athena,ICEWHORE! super slowed,Lumi Athena,,125,mp3,Lumi Athena/Lumi Athena/ICEWHORE! super slowed.mp3
ql3BiWxtiT5crcgKATZM7n,Lumidelic,Enlightenment,Lumidelic,,272,mp3,Lumidelic/Lumidelic/Enlightenment.mp3
pKRVI9N3a8sQZzzzhWiQh7,Lustmord,Black Star,Lustmord,,102,mp3,Lustmord/Lustmord/Black Star.mp3
dqJ6z8HuW80oq54C2SbAJl,LXST CXNTURY,Violence,LXST CXNTURY,,182,mp3,LXST CXNTURY/LXST CXNTURY/Violence.mp3
zDvHtsZOuKclvtLJwcRMuQ,LXST GARDEN feat. LXNTE,Black Priest,LXST GARDEN feat. LXNTE,,130,mp3,LXST GARDEN/LXST GARDEN feat. LXNTE/Black Priest.mp3
ZQt1wqY8BeBmv2n7trFaAf,"M. Freni, C. Ludwig, C. Cossutta , N. Ghiaurov",Verdi - Requiem 02 Dies irae,"M. Freni, C. Ludwig, C. Cossutta , N. Ghiaurov",,144,mp3,"M. Freni, C. Ludwig, C. Cossutta , N. Ghiaurov/M. Freni, C. Ludwig, C. Cossutta , N. Ghiaurov/Verdi - Requiem 02 Dies irae.mp3"
kCNNj4ZYddFvDftBTGY3Hw,M.C. Hammer,U Can't Touch This,M.C. Hammer,,254,mp3,M.C. Hammer/M.C. Hammer/U Can't Touch This.mp3
FBpkWSKnP42JQKXOPXFzCO,M83,Midhight city,M83,,150,mp3,M83/M83/Midhight city.mp3
uClauNrkNMK0RmIAF7jhZT,MACINTOSH PLUS,リサフランク420,MACINTOSH PLUS,,319,mp3,MACINTOSH PLUS/MACINTOSH PLUS/リサフランク420.mp3
jTnIC6ZbbUXqkKp4e4ZnMY,"Mad Dog, AniMe",Ama Shishi,"Mad Dog, AniMe",,181,mp3,"Mad Dog, AniMe/Mad Dog, AniMe/Ama Shishi.mp3"
GcNXfexiD1xymSCVCRNgnR,Mambo king,Mambo N. 5,Mambo king,,217,mp3,Mambo king/Mambo king/Mambo N. 5.mp3
HzhIaPc3uyPyY1Q8bwhPVt,Maniac Lover,Blade on a Vein,Maniac Lover,,223,mp3,Maniac Lover/Maniac Lover/Blade on a Vein.mp3
zpdMkX9EzWsoFw0OSgSt31,Maniac Lover,Sands of War,Maniac Lover,,320,mp3,Maniac Lover/Maniac Lover/Sands of War.mp3
Groaa0vKh5DPyJ9RhgTtdh,Maniac Lover,The Blue Pill Mantra,The Blue Pill Mantra,2024,256,mp3,Maniac Lover/The Blue Pill Mantra/The Blue Pill Mantra.mp3
t0IUBpr7DZ7yzxQjaiU8KY,"Mannequin, Ghostshell",Bad Love,"Mannequin, Ghostshell",,122,mp3,"Mannequin, Ghostshell/Mannequin, Ghostshell/Bad Love.mp3"
xaUIaH3Aa009s37cdWirt5,Manowar,Die For Metal,Manowar,,317,mp3,Manowar/Manowar/Die For Metal.mp3
xy4blhwL8PS8jKdRDKx273,MANT & Biscits,Get Busy (Original Mix),MANT & Biscits,,211,mp3,MANT & Biscits/MANT & Biscits/Get Busy (Original Mix).mp3
GK31u9xwBVIOCK2KwfnfZ0,Marcel Hope,Gang Durch Die Neun Paläste,Marcel Hope,,719,mp3,Marcel Hope/Marcel Hope/49 - Gang Durch Die Neun Paläste.mp3
JMgCy2h4O6EMxWxO6wS8zu,Marcos Salas,Obreros,Obreros,2019,443,mp3,Marcos Salas/Obreros/01-01 - Obreros.mp3
3qmtpw8jAwVcfyCPGg0L9z,Mariel Ito,Lovely,2000-2005,2018,566,mp3,Mariel Ito/2000-2005/01-04 - Lovely.mp3
xPQAvT8aw5wCULZAoSjoE8,Mark Reeve,Distance,Mark Reeve,,432,mp3,Mark Reeve/Mark Reeve/Distance.mp3
WiiNUyE61I2RTQw3Mewy6R,Mark Ronson feat. Bruno Mars,Uptown Funk,Mark Ronson feat. Bruno Mars,,270,mp3,Mark Ronson/Mark Ronson feat. Bruno Mars/Uptown Funk.mp3
DBnk9RNlG2NZaIj3ougPFe,Marko Dragan,I Should Tell,Marko Dragan,,135,mp3,Marko Dragan/Marko Dragan/I Should Tell.mp3
d3VycZ25xeMN9HaJKl7X9F,Markul,Больше бед,Markul,,164,mp3,Markul/Markul/Больше бед.mp3
Qf9sT4uGJs95vX1WKs98Qu,Martin Neder,Vibranio (TAITO Remix),Martin Neder,2023,541,mp3,Martin Neder/Martin Neder/01-04 - Vibranio (TAITO Remix).mp3
ir0wqfdWKpxSjbCfHKZMCm,Marvel83',In a Different Time,In a Different Time,2021,355,mp3,Marvel83'/In a Different Time/01-03 - In a Different Time.mp3
2ZSOOB8t7vGsGjQkogDeEE,Marvin Gaye,Let's Get It On,Marvin Gaye,,292,mp3,Marvin Gaye/Marvin Gaye/Let's Get It On.mp3
X2EwOXgmiWXTY1KDnJCgRM,MASTER BOOT RECORD,HTTP,MASTER BOOT RECORD,,268,mp3,MASTER BOOT RECORD/MASTER BOOT RECORD/HTTP.mp3
SrNC4lPgxzWGLb0Ta33ITs,Masterboy,Generation Of Love (Ipanema Maxi Version),Masterboy,,219,mp3,Masterboy/Masterboy/Generation Of Love (Ipanema Maxi Version).mp3
wBWMCopfbtoHqhau9pQnHy,Mattafix,Big City Life,Mattafix,,240,mp3,Mattafix/Mattafix/Big City Life.mp3
qCYLkSEltNSm2JOxPd6WQd,Mauro,Buona Sera Ciao Ciao (1987),Mauro,,444,mp3,Mauro/Mauro/57 - Buona Sera Ciao Ciao (1987).mp3
FagtsAVdrnRdF5K6qKhSxn,Max Brhon,Cyberpunk,Max Brhon,,215,mp3,Max Brhon/Max Brhon/Cyberpunk.mp3
EvDwmupn0Ipqyu44c6PYkj,Maxx,Get a Way,Maxx,,226,mp3,Maxx/Maxx/Get a Way.mp3
2zmxGaiLZZgEzL0FE00HHy,Maxx,Get Away (Airplay Mix),Maxx,,228,mp3,Maxx/Maxx/Get Away (Airplay Mix).mp3
4iEotAOcJ8zhBsi6kChIHD,Maxx,No More (I Can't Stand It),Maxx,,282,mp3,Maxx/Maxx/No More (I Can't Stand It).mp3
U182KQYSVHFbn9k9yx2H5t,MC Hammer,Polkovnik (Полная версия),MC Hammer,,75,mp3,MC Hammer/MC Hammer/Polkovnik (Полная версия).mp3
8n1XIy3keB0trnrdf4TY37,MC ORSEN,Warning (slowed reverb),MC ORSEN,,140,mp3,MC ORSEN/MC ORSEN/Warning (slowed reverb).mp3
YTMRviaxSMDRsAz21HKdlg,mc orsen Austrian Painter,warning (slowed + reverb),mc orsen Austrian Painter,,139,mp3,mc orsen Austrian Painter/mc orsen Austrian Painter/warning (slowed + reverb).mp3
EeltOV5DcwF8XfbYruwcNB,meerazi,Wiwiwi Cat,meerazi,,143,mp3,meerazi/meerazi/Wiwiwi Cat.mp3
BwofS5FjmJcjECJ5kbMVfX,Melosense,Lost in Gruvv,Melosense,,172,mp3,Melosense/Melosense/Lost in Gruvv.mp3
b1Yqoc1iziknWowU4PZkGa,Mememetal,Тля,Mememetal,,160,mp3,Mememetal/Mememetal/Тля.mp3
Ve2F3KjuEeWwuIS5qIiqAv,Memlite,Братишка Eye-joe,The Ultimate Vanessa-Mae Collection,2003,52,mp3,Vanessa-Mae/The Ultimate Vanessa-Mae Collection/04 - Братишка Eye-joe.mp3
YllOKxME5yMQGLNR49ladt,Men At Work,Down Under,Men At Work,,219,mp3,Men At Work/Men At Work/Down Under.mp3
1RtJejJDNBoNsMQOSDe3Y0,Meranda,Eldfell,Meranda,,341,mp3,Meranda/Meranda/Eldfell.mp3
jveMSKq96Ks7Q5xw9KvPbv,Metallica,Enter Sandman,Metallica,,331,mp3,Metallica/Metallica/Enter Sandman.mp3
Tz0taZV28loBkDcO6Grqik,Metallica,Master Of Puppets,Metallica,,515,mp3,Metallica/Metallica/Master Of Puppets.mp3
Em2EwmGYJDVYEz0cEqIqlZ,Metallica,Nothing Else Matters,Metallica,1991,388,mp3,Metallica/Metallica/Nothing Else Matters.mp3
fblyvc0E9SQNNYDJaXcm6V,Michael Cretu,Sword Of Fear (1985),Michael Cretu,,234,mp3,Michael Cretu/Michael Cretu/Sword Of Fear (1985).mp3
K2rtxC1y9klLwVVOTjLd4q,Michael Hunter,Soviet Connection (Remix),Michael Hunter,,124,mp3,Michael Hunter/Michael Hunter/Soviet Connection (Remix).mp3
7hozMuM1YHJSOCzr7NNeyb,Michael Jackson,Bad,Michael Jackson,,247,mp3,Michael Jackson/Michael Jackson/Bad.mp3
jl3bZmEnO2eQxhQq9j2eyj,Michael Jackson,Beat It,Michael Jackson,,258,mp3,Michael Jackson/Michael Jackson/Beat It.mp3
0iHUGfqPpX38GacJDLy6Jl,Michael Jackson,Billie Jean,Michael Jackson,,294,mp3,Michael Jackson/Michael Jackson/Billie Jean.mp3
ZNX53avlS87tAgKTmt2Sal,Michael Jackson,Smooth Criminal,Michael Jackson,,253,mp3,Michael Jackson/Michael Jackson/Smooth Criminal.mp3
cFBKslYa9k3anvTt1tuclR,Michael Jackson,Stranger In Moscow,Michael Jackson,,246,mp3,Michael Jackson/Michael Jackson/19 - Stranger In Moscow.mp3
FxhovEvc60k8heALAkUvc2,Michael Kiwanuka,Cold Little Heart,Michael Kiwanuka,,210,mp3,Michael Kiwanuka/Michael Kiwanuka/Cold Little Heart.mp3
kbsXDWxEoo3R9is1iTFRA7,Michael Sembello,Maniac,Michael Sembello,,242,mp3,Michael Sembello/Michael Sembello/Maniac.mp3
xwTfPyHBpFjQZBbnRUfyGw,Mick Gordon,Cultist Base,Mick Gordon,,331,mp3,Mick Gordon/Mick Gordon/Cultist Base.mp3
KsC5ZNfckQ391OPti4sJL0,Mick Gordon,The Only Thing They Fear is You,Mick Gordon,,305,mp3,Mick Gordon/Mick Gordon/The Only Thing They Fear is You.mp3
SSh4hTg0pWXgV6NCVcdo5h,Mika Kobayashi,Bauklotze (OST Attack on Titan),Mika Kobayashi,2014,236,mp3,Hiroyuki Sawano/Mika Kobayashi/01-12 - Bauklotze (OST Attack on Titan).mp3
7u4ZDtAhtp5WBSpbpUnHLZ,Mike & The Mechanics,Silent running ( long versions),Mike & The Mechanics,2003,373,flac,Mike & The Mechanics/Mike & The Mechanics/04 - Silent running ( long versions).flac
TvnK3rLk4V01R1gXfz5eeR,Miko,Девочка в тренде,Miko,,151,mp3,Miko/Miko/Девочка в тренде.mp3
vcNRwuhwtT08rc8HxJa3UF,Miley Cyrus,Wrecking Ball,Bangerz,2013,221,mp3,Miley Cyrus/Bangerz/06 - Wrecking Ball.mp3
IEhJ0b1gRYuSIfYYBf1j9a,Minelli,Peligrosa,Peligrosa,2023,145,mp3,Minelli/Peligrosa/Peligrosa.mp3
QGYiIRgFaJRv9ftGNeKiXq,Minelli,Rampampam,Rampampam,2021,200,mp3,Minelli/Rampampam/Rampampam.mp3
bRVF5dgNYlBQcaleDC44VO,MIRBRO,Где Прошла Ты (Кравц & Гио Пика),MIRBRO,,168,mp3,MIRBRO/MIRBRO/Где Прошла Ты (Кравц & Гио Пика).mp3
zLAd1wZ6aztUtKQvyslNLc,Mireille Mathieu,Bravo tu as gagné,Mireille Mathieu,,276,mp3,Mireille Mathieu/Mireille Mathieu/27 - Bravo tu as gagné.mp3
Eo28hvQ9PQdAbApHzSWy1I,Miyagi & Andy Panda feat. Mav-d,Marmalade,Miyagi & Andy Panda feat. Mav-d,,220,mp3,Miyagi & Andy Panda/Miyagi & Andy Panda feat. Mav-d/Marmalade.mp3
iMnzkgkrl1CnAGIvAUCVzE,mkr,midnight blue,mkr,,75,mp3,mkr/mkr/midnight blue.mp3
3zF9SOdlppmZPsuzMdKcXJ,Mo Beats,Righteous (SLOW & REVERB),Mo Beats,,180,mp3,Mo Beats/Mo Beats/Righteous (SLOW & REVERB).mp3
tZR0rey7x21ipA0NCggM63,Mo-do,"айнц, цвай, полицай",Mo-do,,215,mp3,"Mo-do/Mo-do/айнц, цвай, полицай.mp3"
qwhKCl3tiQnB0FpHPMLmbQ,Mobb Deep,"Shook Ones, Pt. II",Hip Hop 100 Hits,2013,325,mp3,"Mobb Deep/Hip Hop 100 Hits/Shook Ones, Pt. II.mp3"
3j9VCDy0CQwiF8h3AV3tBr,Mobb Deep,"Shook Ones, Pt. II (Instrumental)","Shook Ones, Pt. II (Instrumental)",2020,276,mp3,"Mobb Deep/Shook Ones, Pt. II (Instrumental)/01-01 - Shook Ones, Pt. II (Instrumental).mp3"
WF6zfyrpJnNPPW4Xnz0FxP,Moby,Porcelain,Play & Play: The B Sides (Reissue),2000,241,mp3,Moby/Play & Play: The B Sides (Reissue)/01-03 - Porcelain.mp3
OrYJPg5YjyGa7Ily1jo5tr,Moby,Reprise - Remixes - Extreme Ways,Moby,2022,202,flac,Moby/Moby/01-13 - Reprise - Remixes - Extreme Ways.flac
AQ2c0idADZMNGFTFQUWIA6,Mochas,I'll Follow,Mochas,,153,mp3,Mochas/Mochas/I'll Follow.mp3
13q0oILBJfZo3V0TBWn90p,Modbit,Rush,Modbit,,395,mp3,Modbit/Modbit/Rush.mp3
gdlXrIM9Z6EHlBrhIbX4dU,Modern Talking,Brother Louie,Modern Talking,,221,mp3,Modern Talking/Modern Talking/Brother Louie.mp3
iS9vhTFyqpsNguyJBXk7Fv,Modern Talking,Do You Wanna,Modern Talking,,261,mp3,Modern Talking/Modern Talking/Do You Wanna.mp3
yajpQWo5IJFqTIAYA7zBiH,Modern Talking,Geronimo's Cadillac,Modern Talking,,197,mp3,Modern Talking/Modern Talking/Geronimo's Cadillac.mp3
4ZYI15K2d5ai7QWtGfCM8a,Modern Talking,"You're My Heart, You're My Soul",Modern Talking,,199,mp3,"Modern Talking/Modern Talking/You're My Heart, You're My Soul.mp3"
YD1c9k3ZYTapdBytpYHBYb,Modjo,Lady,Modjo,,224,mp3,Modjo/Modjo/Lady.mp3
Yxlh9b0GyH2YefwjjG1lGO,"MOGUAI, Kai Tracid",DT64,"MOGUAI, Kai Tracid",,417,mp3,"MOGUAI, Kai Tracid/MOGUAI, Kai Tracid/DT64.mp3"
JxR5cGarWrvaAjbyyVzEGq,Molchat Doma,Судно (борис рижий),Molchat Doma,,141,mp3,Molchat Doma/Molchat Doma/Судно (борис рижий).mp3
fyK9NR6RP105zzgIRsZNDY,MONTAGEM,Amedrontadora,MONTAGEM,,132,mp3,MONTAGEM/MONTAGEM/Amedrontadora.mp3
HEPLbcCnDyxafVyNzSbE1P,Montell Jordan,This Is How We Do It,Montell Jordan,,236,mp3,Montell Jordan/Montell Jordan/This Is How We Do It.mp3
XlYCyytWGQoxnU9a8TWkaU,Moog,Tunnel Run,Moog,,254,mp3,Moog/Moog/Tunnel Run.mp3
lPj8mr3x2bS7QgQggW9Ihh,MOONDEITY X INTERWORLD,ONE CHANCE,MOONDEITY X INTERWORLD,,132,mp3,MOONDEITY X INTERWORLD/MOONDEITY X INTERWORLD/ONE CHANCE.mp3
62F1ZMcMB9Z3C1NAcPi0zl,MORGENSHTERN,Cristal & МОЁТ,MORGENSHTERN,,137,mp3,MORGENSHTERN/MORGENSHTERN/Cristal & МОЁТ.mp3
yMiUzdsUgDKxONW5Kq8DnV,"MORGENSHTERN, Витя АК",PATATATATA,"MORGENSHTERN, Витя АК",,118,mp3,"MORGENSHTERN, Витя АК/MORGENSHTERN, Витя АК/PATATATATA.mp3"
kmJ62b4xR9zf5x8vwONsyC,"MORGENSHTERN, Элджей",Cadillac,"MORGENSHTERN, Элджей",,177,mp3,"MORGENSHTERN, Элджей/MORGENSHTERN, Элджей/Cadillac.mp3"
6SwQdERlMOGOrJ89g0BSDQ,Mosh1 Mosh1,Hentai Phonk,Mosh1 Mosh1,,98,mp3,Mosh1 Mosh1/Mosh1 Mosh1/Hentai Phonk.mp3
mjdePjKTMM4wYvTTKsTfrq,Motley Crue,Anarchy In The U.K.,Motley Crue,,194,mp3,Motley Crue/Motley Crue/Anarchy In The U.K..mp3
VeoNV4WbAJHsk9iCRSJuVQ,Mozey,Lady Killaz,Mozey,,275,mp3,Mozey/Mozey/Lady Killaz.mp3
wLGFtbEinByRWpJAL4d5NW,"Mr. Javy The Flow feat. Yomo, Voltio",We No Speak Panamericano (Extended Remix),"Mr. Javy The Flow feat. Yomo, Voltio",,130,mp3,"Mr. Javy The Flow/Mr. Javy The Flow feat. Yomo, Voltio/We No Speak Panamericano (Extended Remix).mp3"
uyeEk3AxFFwBvgGTwB47uE,Mr. President,Coco Jamboo,Mr. President,,219,mp3,Mr. President/Mr. President/Coco Jamboo.mp3
bkeN6td5yGVCvlo2FvFloF,Mr.Kitty,After Dark,Mr.Kitty,,257,mp3,Mr.Kitty/Mr.Kitty/After Dark.mp3
SU2lQXtJuPsFGabJQ4vzzA,Mr.Kitty,After Dark (slowed + reverb),Mr.Kitty,,312,mp3,Mr.Kitty/Mr.Kitty/After Dark (slowed + reverb).mp3
64OP9yhCNZigG3VwtCuOpr,MrJay,Come Back,MrJay,,162,mp3,MrJay/MrJay/Come Back.mp3
WGBQnYbbWwejKsMoX5v4Cs,MrJay,Feel The Bass,Feel The Bass,2024,138,mp3,MrJay/Feel The Bass/01-01 - Feel The Bass.mp3
OSQ9P3C0g4LFBSWGfgTjYE,MTG maldição,eternal 3000,MTG maldição,,222,mp3,MTG maldição/MTG maldição/eternal 3000.mp3
t7zZA8jq0TuDar2MdoY04P,Muse,Supermassive Black Hole,Muse,2006,208,flac,Various Artists/Muse/968 - Supermassive Black Hole.flac
qiehlmlDX9CUED9MpdDXZK,Muslim Magomaev,Лучший город Земли,Muslim Magomaev,,155,mp3,Muslim Magomaev/Muslim Magomaev/Лучший город Земли.mp3
xnoPgsULwdx86yWeKsgqpT,MUTI,Дал Дал Ушёл,MUTI,,135,mp3,MUTI/MUTI/Дал Дал Ушёл.mp3
E8R1yZvZ3Q4xdxMn9EFCuL,MXRGX,Underground,MXRGX,,123,mp3,MXRGX/MXRGX/Underground.mp3
2nMpNRGaGLSiolcxsnIJRM,Mylene Farmer,Desenchantee,Mylene Farmer,,322,mp3,Mylene Farmer/Mylene Farmer/Desenchantee.mp3
iTYVfRC5dgynSCj6D4FRZz,Mötley Crüe,Kickstart My Heart,Mötley Crüe,,281,mp3,Mötley Crüe/Mötley Crüe/Kickstart My Heart.mp3
fC0R3ENrg2F6RPaHqx3zZF,N.W.A.,Fuck Tha Police,N.W.A.,,315,mp3,N.W.A./N.W.A./Fuck Tha Police.mp3
S8Pnr3P0UPD17vQAJOcNPV,Nanae Yoshimura,Godan-Ginuta,Nanae Yoshimura,,653,mp3,Nanae Yoshimura/Nanae Yoshimura/52 - Godan-Ginuta.mp3
vFRbSgrsE6hZWyw3lC6jo3,Naoki Kenji,Spaceship Earth (Remix),Naoki Kenji,,366,mp3,Naoki Kenji/Naoki Kenji/Spaceship Earth (Remix).mp3
YsCjwGgxZ5n5bhkm5ALyP3,"Narvent,VØJ",Memory Reboot(slowed version),"Narvent,VØJ",,236,mp3,"Narvent,VØJ/Narvent,VØJ/Memory Reboot(slowed version).mp3"
ZMDdtEN6D9Q6KQqceswOqx,Natasha Bedingfield,Pocketful Of Sunshine,Natasha Bedingfield,2008,202,flac,Natasha Bedingfield/Natasha Bedingfield/Pocketful Of Sunshine.flac
VuYaStl648xufwFrtqUKA2,Nathan Lanier,Sand,Nathan Lanier,,223,mp3,Nathan Lanier/Nathan Lanier/Sand.mp3
O1MXnKfK2hCf1U11i0k35K,Nazareth,Born Under the Wrong Sign (2010 Remaster),Nazareth,1976,236,mp3,Nazareth/Nazareth/01-05 - Born Under the Wrong Sign (2010 Remaster).mp3
HpyuZpH19NUXMQ4rqREmrK,Nazareth,Homesick Again (2010 Remaster),Nazareth,1976,274,mp3,Nazareth/Nazareth/01-03 - Homesick Again (2010 Remaster).mp3
4hQg1BQ3vaAVME9JxA4OBW,Nazareth,Loretta (2010 Remaster),Nazareth,1976,198,mp3,Nazareth/Nazareth/01-06 - Loretta (2010 Remaster).mp3
g8ypiyOnVv4cC9lqHkm1lM,Nazareth,Vancouver Shakedown (2010 Remaster),Nazareth,1976,245,mp3,Nazareth/Nazareth/01-04 - Vancouver Shakedown (2010 Remaster).mp3
8tz923Uk9DoZotmKppi0Td,ndls404,Bankai,ndls404,,128,mp3,ndls404/ndls404/Bankai.mp3
2Nkjd6KCNf1TFVw6QO32hD,NEFFEX,Unavailable,NEFFEX,,150,mp3,NEFFEX/NEFFEX/Unavailable.mp3
pPzBr24RZvc4q4FDRuRWMG,Nelly Furtado,Say It Right,Nelly Furtado,,223,mp3,Nelly Furtado/Nelly Furtado/Say It Right.mp3
FpHVvxQCj1ty7ia2Je9tlF,nena,99 luftballons﻿,nena,,236,mp3,nena/nena/99 luftballons﻿.mp3
2tThAZzrb5Dt8kmEbWgCPz,Neon Nox,Fahrenheit,Syndicate Shadow,2018,323,mp3,Neon Nox/Syndicate Shadow/Fahrenheit.mp3
52TGSb4l6Bbr053y44BfP6,Neptune Project,Proteus (The Thrillseekers Remix),Proteus,2019,464,mp3,Neptune Project/Proteus/01-02 - Proteus (The Thrillseekers Remix).mp3
VYmOQklWNaduTGZVbQV57g,Nervous Testpilot,Tough it Out,Nervous Testpilot,2021,235,mp3,Nervous Testpilot/Nervous Testpilot/Tough it Out.mp3
3iM7GW66u1S8SXDRSixy9H,Neverlove,Милфхантер,Neverlove,,178,mp3,Neverlove/Neverlove/Милфхантер.mp3
61tiMKqWXcKd4t4wS0oxdk,New Order,Blue Monday,New Order,,448,mp3,New Order/New Order/Blue Monday.mp3
7ke2gfQd0NfzWx3IISAQK4,New Order,Confusion,The Rest of New Order,2005,252,mp3,New Order/The Rest of New Order/20 - Confusion.mp3
klsEmOQ19qRTI5flXtvp0f,New Order,Confusion (Pump Panel Reconstruction Mix) (Pump Panel Reconstruction Mix),New Order,2005,612,mp3,New Order/New Order/21 - Confusion (Pump Panel Reconstruction Mix) (Pump Panel Reconstruction Mix).mp3
3Dy2IkHEQLCkOUML1FRBcP,New World Sound,Breathe (Original Mix),New World Sound,,186,mp3,New World Sound/New World Sound/Breathe (Original Mix).mp3
EVJ4bCkrgfBKtmYDzbbj4M,Nextime & We Are Not Friends,the fog,Nextime & We Are Not Friends,,124,mp3,Nextime & We Are Not Friends/Nextime & We Are Not Friends/the fog.mp3
RMFWfsB5HqBs2oaNT5LJKr,Nicework,Амено (Зелёный Слоник - Ameno),Nicework,,146,mp3,Nicework/Nicework/50 - Амено (Зелёный Слоник - Ameno).mp3
eWzaA9TcvlRUP4Vo9xWhvF,Nicework,"Ведьма и кабан (Король и Шут, Зелёный слоник)",Nicework,,68,mp3,"Nicework/Nicework/46 - Ведьма и кабан (Король и Шут, Зелёный слоник).mp3"
aclVgUCGOqmeSi60ABr5SS,Nicework,"Трава у дома (Земляне, Зелёный слоник)",Nicework,,121,mp3,"Nicework/Nicework/47 - Трава у дома (Земляне, Зелёный слоник).mp3"
Bwsb4izAQeSIUpp9LHZEMJ,Nick Coroner,Gangsta's Paradise (Зелёный Слоник),Best Album,2014,181,mp3,DJ DOC/Best Album/31 - Gangsta's Paradise (Зелёный Слоник).mp3
0F8qOaTEejDTWyiQ3xeqww,Nick Coroner,Master Of Puppets,Nick Coroner,,210,mp3,Nick Coroner/Nick Coroner/Master Of Puppets.mp3
vgMBMGOF4RXFw6nLOvfJjk,Nick Coroner,Painkiller (Зелёный Слоник),Nick Coroner,,164,mp3,Nick Coroner/Nick Coroner/18 - Painkiller (Зелёный Слоник).mp3
13TnZu1NN479SX5JCr2WQu,Nick Coroner,Рэп – Это Хлеб,Nick Coroner,,119,mp3,Nick Coroner/Nick Coroner/16 - Рэп – Это Хлеб.mp3
zL2QcvNI7MniHQ4TvzhJ3I,Nightcrawlers,Push The Feeling On,Nightcrawlers,,241,mp3,Nightcrawlers/Nightcrawlers/Push The Feeling On.mp3
0yGcPclrCh6jKHQnSbBHAc,NILETTO,Любимка,NILETTO,,219,mp3,NILETTO/NILETTO/Любимка.mp3
9h7uQVCdcN1qRZMCr8HMTD,Nirvana,Smells Like Teen Spirit,Nirvana,,301,mp3,Nirvana/Nirvana/Smells Like Teen Spirit.mp3
bP0J4FZ82eIPYKGvOERKLQ,Nitroverts,Control (Instrumental),Nitroverts,2023,243,mp3,Nitroverts/Nitroverts/Control (Instrumental).mp3
ZdgxtfCrznO92ogYkQirK3,NKOHA,Eternal,NKOHA,,148,mp3,NKOHA/NKOHA/Eternal.mp3
Yz3taxdE8UdzhRXlVDMktF,"NKOHA, ndls404",Electric Odissey,"NKOHA, ndls404",,129,mp3,"NKOHA, ndls404/NKOHA, ndls404/Electric Odissey.mp3"
tubaZFid57hxdh2Zca4WQh,Nopopstar Feat. Sevenever,Harder (Original Mix),Nopopstar Feat. Sevenever,,303,mp3,Nopopstar/Nopopstar Feat. Sevenever/Harder (Original Mix).mp3
k5i8cZsEW04YgOnUAKckaa,Nopopstar ft. Sevenever,Give It 2 Me (Ricky Stark And Mike Stil),Nopopstar ft. Sevenever,,287,mp3,Nopopstar/Nopopstar ft. Sevenever/Give It 2 Me (Ricky Stark And Mike Stil).mp3
ndyehCKR9SEx7FmolKPmqj,noted,i'm still standing (d b),noted,,162,mp3,noted/noted/44 - i'm still standing (d b).mp3
BvaqlGQlcErBnVdwZnJdhn,NYCKØ,Testosterone (Ultra Slowed),NYCKØ,2024,136,mp3,NYCKØ/NYCKØ/01-03 - Testosterone (Ultra Slowed).mp3
UH51LXa2c2i47TBkNPuWNk,O-Zone,Dragostea din tei,O-Zone,,215,mp3,O-Zone/O-Zone/Dragostea din tei.mp3
0ZWxcKA7tMF96pMrZxWDiB,O.T. Genasis,CoCo,O.T. Genasis,,239,mp3,O.T. Genasis/O.T. Genasis/CoCo.mp3
mz25txxrDzrg4XialKkuRC,Oliver Tree,Jerk,Oliver Tree,,202,mp3,Oliver Tree/Oliver Tree/Jerk.mp3
9m6b7Po6efsXHr22YvwJJU,ONE DROP COLLECTIVE,Birds Of A Feather (Valique remix),ONE DROP COLLECTIVE,,269,mp3,ONE DROP COLLECTIVE/ONE DROP COLLECTIVE/Birds Of A Feather (Valique remix).mp3
2j6RVnyfohn3ui0jCWwWYl,One True God & No Etiquette,Enter The Darkness,One True God & No Etiquette,,199,mp3,One True God & No Etiquette/One True God & No Etiquette/Enter The Darkness.mp3
tm4e1uzS2bL92nVPfGimWU,ORANGE RANGE,~Asterisk~ (OST Блич),ORANGE RANGE,,122,mp3,ORANGE RANGE/ORANGE RANGE/~Asterisk~ (OST Блич).mp3
aEGGyrZFivezfBE2eZNePz,Orange Sector,Farben,Orange Sector,,199,mp3,Orange Sector/Orange Sector/Farben.mp3
sq8q0rGCtghciBfZu4Q2KP,Orange Sector,Farben (Slowed + Reverb),Orange Sector,,196,mp3,Orange Sector/Orange Sector/Farben (Slowed + Reverb).mp3
enGFNaL8ABRD9zOZiLnPWL,Organic Audio,Nurega,Organic Audio,,303,mp3,Organic Audio/Organic Audio/Nurega.mp3
uTFYmk0hm0YXY0srB0ZbmC,"Organik, Enertia-Sound",Aphelion (Enertia-Sound Remix),"Organik, Enertia-Sound",2021,446,mp3,"Organik, Enertia-Sound/Organik, Enertia-Sound/Aphelion (Enertia-Sound Remix).mp3"
NEVTu2O8b7ogPj7RuIUsx6,OST,Сокровища монтесумы 3,OST,,54,mp3,OST/OST/Сокровища монтесумы 3.mp3
dc207JkLUHcLPbUIQGfJRH,OST Миссия Невыполнима,Mission Impossible,OST Миссия Невыполнима,,208,mp3,OST Миссия Невыполнима/OST Миссия Невыполнима/Mission Impossible.mp3
PsBcu06UyrJUjXuMwJDYuJ,OST 天官赐福 Благословение небожителей,OP Theme《无别 Wu Bie》,OST 天官赐福 Благословение небожителей,,256,mp3,OST 天官赐福 _ Благословение небожителей/OST 天官赐福 Благословение небожителей/35 - OP Theme《无别 Wu Bie》.mp3
lQ7wW3VFi1OMRhpZZSFVVX,Otyken,Storm,Otyken,,260,mp3,Otyken/Otyken/Storm.mp3
u4TtWMM6WtpmmkohdVsXDz,OVERWERK,Toccata,Canon,2015,410,mp3,OVERWERK/Canon/Toccata.mp3
CnqzzHg7sNrzEc5snqmiAo,OWEEK,Fuckin Love,OWEEK,,152,mp3,OWEEK/OWEEK/Fuckin Love.mp3
XvmqnD3dzsRpfOjYHgNN6O,Pahomdigy,Bread,Pahomdigy,,336,mp3,Pahomdigy/Pahomdigy/Bread.mp3
CjPjupSyt2e0T9Iw06KxUf,Pahomdigy,Cheasthe,Breathe,1996,336,mp3,The Prodigy/Breathe/09 - Cheasthe.mp3
NlFnSG6ixJegb0eZh2fM7t,"Panorama Chanel, Pletnev",Eiffel Tower Syndrome,"Panorama Chanel, Pletnev",,462,mp3,"Panorama Chanel, Pletnev/Panorama Chanel, Pletnev/40 - Eiffel Tower Syndrome.mp3"
wUAmQ30jGVDrVyhtzlfYJo,Parvati Khan,"Jimmy Jimmy Jimmy Aaja (From ""Disco Dancer"")",Parvati Khan,,181,mp3,"Parvati Khan/Parvati Khan/Jimmy Jimmy Jimmy Aaja (From ""Disco Dancer"").mp3"
OPfyZh3BPyiZWtgRRd6cQO,Pascal Letoublon,Friendships (Instrumental),Pascal Letoublon,2017,242,mp3,Pascal Letoublon/Pascal Letoublon/Friendships (Instrumental).mp3
DulwhYQMeACQPmPIfP87sJ,Pascal Letoublon,Friendships (Lost My Love),Pascal Letoublon,2020,182,mp3,Pascal Letoublon/Pascal Letoublon/Friendships (Lost My Love).mp3
FClEvMThB4y9g5Envaem4R,Past Day,The Distant Past,Friends,2023,116,mp3,Past Day/Friends/05 - The Distant Past.mp3
ojjnMi7yscXwYozXIFZDEA,Patric Abrial,Misirlou,Patric Abrial,,98,mp3,Patric Abrial/Patric Abrial/Misirlou.mp3
sT99ztp1TpvQFCt5okH0hx,Patrick Lindsey,The Swing Man (Sovtiek Remix),Patrick Lindsey,,252,mp3,Patrick Lindsey/Patrick Lindsey/The Swing Man (Sovtiek Remix).mp3
1PrjKgetio5huc4bJg3tpE,Paul Engemann,Scarface (Push It To The Limit),Paul Engemann,,184,mp3,Paul Engemann/Paul Engemann/Scarface (Push It To The Limit).mp3
AksKIH8JHh7VEhSbi7gSEK,Paul Flexx,Club,Paul Flexx,,61,mp3,Paul Flexx/Paul Flexx/Club.mp3
6ZcCJFDWF4CeCcSRTDpJak,Paul Hamilton & Anartist,Dialo (Julian Nates Remix),Paul Hamilton & Anartist,,507,mp3,Paul Hamilton & Anartist/Paul Hamilton & Anartist/Dialo (Julian Nates Remix).mp3
CgcQuzPFv6FsJt900iqjlo,Paul Jones,Free Me,Paul Jones,,167,mp3,Paul Jones/Paul Jones/Free Me.mp3
g1I2vBE1OTkV9hXVc6eCbh,Paul Oakenfold,Cafe Del Mar,25 Years Of Perfecto Records,2015,270,mp3,Paul Oakenfold/25 Years Of Perfecto Records/Cafe Del Mar.mp3
i33MhfUMhEXJEpPNXg3TnF,Paul Rein,Hold Back Your Love,Paul Rein,,362,mp3,Paul Rein/Paul Rein/32 - Hold Back Your Love.mp3
pbx8XTHDTwAFHfReckmFTY,Paul Rein,Hold Back Your Love (instrumental),Paul Rein,,361,mp3,Paul Rein/Paul Rein/Hold Back Your Love (instrumental).mp3
RlexDbPsizZeDCGTalWdHY,Paul Velchev,Mystical Halloween,Mystical Halloween,2022,105,mp3,Paul Velchev/Mystical Halloween/01-01 - Mystical Halloween.mp3
jqLkcZSVFXACowxw5OMDhW,Paul Velchev,Trap Activation,Paul Velchev,,146,mp3,Paul Velchev/Paul Velchev/Trap Activation.mp3
zfD2PWodufD1Q832O8i8zo,Peggy Gou,Nanana (It Goes Like),(It Goes Like) Nanana,2023,231,mp3,Peggy Gou/(It Goes Like) Nanana/Nanana (It Goes Like).mp3
XPWFEK9FPFviaONJiQDTBT,Percival,Silver for Monsters...,Percival,,140,mp3,Percival/Percival/Silver for Monsters....mp3
GmLJTPjoU35tA2jpdd0ZuB,Petar Dundov,Rise,Petar Dundov,,520,mp3,Petar Dundov/Petar Dundov/Rise.mp3
b5dmHja0t4nCnrxd61kqwr,Peter Plaznik,The Swamp (Jordan Suckley Radio Edit),Peter Plaznik,2013,426,mp3,"Peter Plaznik, Chemical Content 1/Peter Plaznik/30 - The Swamp (Jordan Suckley Radio Edit).mp3"
SpeF6FvtvuopatFL5csAQ2,Pharmacist,BRAINSHOT,BRAINSHOT,2022,200,mp3,Pharmacist/BRAINSHOT/BRAINSHOT.mp3
YHp3PytiMimL44P6umCXo1,Pharoahe Monch,Simon Says,Simon Says,1999,174,mp3,Pharoahe Monch/Simon Says/Simon Says.mp3
BEl5ddRgYbNGkQd0yHrAvv,Phil Gonzo,Fafo,Phil Gonzo,,223,mp3,Phil Gonzo/Phil Gonzo/Fafo.mp3
kRamTNNo5HXMwjJ31EvWZB,phonkbase,Light Club - Blizzard,phonkbase,,163,mp3,phonkbase/phonkbase/Light Club - Blizzard.mp3
MTnSVVKuea8n2RoPYkmzzD,Phut hon,Phao(KAIZ Remix),Phut hon,,212,mp3,Phut hon/Phut hon/Phao(KAIZ Remix).mp3
Ir5ZZy9cHqP1KLi2Bpeajf,Pitbull,Hotel Room Service,Pitbull,2009,238,mp3,Pitbull/Pitbull/Hotel Room Service.mp3
SLykDMr63hvZtPnFfVqqge,Pixies,Gigantic,Pixies,,194,mp3,Pixies/Pixies/Gigantic.mp3
VrigL0Gid8CCkKy77BuuZT,Playboi Carti,Celine,Playboi Carti,,131,mp3,Playboi Carti/Playboi Carti/Celine.mp3
dAAuwm0QOdoUG17Yu4KYaB,Pozitifff,You're My Хлеб!,Pozitifff,,130,mp3,Pozitifff/Pozitifff/37 - You're My Хлеб!.mp3
MmhkEw2STZ6wIcDp1OjPzM,PPK,Reload (Radio Edit),PPK,,208,mp3,PPK/PPK/Reload (Radio Edit).mp3
FnUKXZZi01FPnyROLpqTDN,Prezident & Амазонка,Клубничка,Prezident & Амазонка,,247,mp3,Prezident & Амазонка/Prezident & Амазонка/Клубничка.mp3
mP3wF9yAuYJoCFpDhw6Uxf,Professor Kliq,Pangea,Professor Kliq,,267,mp3,Professor Kliq/Professor Kliq/Pangea.mp3
hZ5TtrCmXgW86uQKFzqvxp,Psy,Gangnam Style (강남스타일),Psy,,218,mp3,Psy/Psy/Gangnam Style (강남스타일).mp3
SZ3l69HuoE9AyWujtb945o,Quango & Sparky,Do The Boogaloo,Disco,1975,236,mp3,"Quango, Sparky/Disco/29 - Do The Boogaloo.mp3"
MX1S4ST3PUgUtKlDe2C3XV,Queen,I Want To Break Free,Queen,,263,mp3,Queen/Queen/I Want To Break Free.mp3
Fz7c6XmOr9bhZe8mf6oTxJ,Queen,Radio Ga Ga,Queen,,343,mp3,Queen/Queen/Radio Ga Ga.mp3
mIQhRgqKXFBUuEPet350q3,Queen,We Will Rock You (Fast),Queen,2004,197,mp3,Queen/Queen/01-03 - We Will Rock You (Fast).mp3
HnNT8IbR1Y2HxtSYAhAuTy,Radiorama,Aliens,Radiorama,,255,mp3,Radiorama/Radiorama/Aliens.mp3
85ZHNrID1VgHPWtsG7nxUO,Rakyesh Aithraju,Manasee,Manasee,2026,223,mp3,Rakyesh Aithraju/Manasee/15 - Manasee.mp3
fEpjISucKkNESgN9zmMdNH,Rammstein,Adios,Rammstein,,482,mp3,Rammstein/Rammstein/Adios.mp3
eEDpwXEJLwBcfml1l7QT0W,Rammstein,Alter Mann,Rammstein,,262,mp3,Rammstein/Rammstein/Alter Mann.mp3
Wh7dpmsH2GfH8pd22Qm2Yk,Rammstein,Amerika,Rammstein,,227,mp3,Rammstein/Rammstein/Amerika.mp3
Z3LhnbyLtQIFluiFiptLOJ,Rammstein,Amour,Rammstein,,290,mp3,Rammstein/Rammstein/Amour.mp3
zKBxAtstYgTslOjURy8DSq,Rammstein,Asche zu Asche,Rammstein,,231,mp3,Rammstein/Rammstein/Asche zu Asche.mp3
JSc2iquRXJFUI7eX4Z4pAo,Rammstein,Ausländer,Rammstein,,231,mp3,Rammstein/Rammstein/Ausländer.mp3
Jb8t4259QZrnnQgw8T4nRn,Rammstein,B--------,Rammstein,,254,mp3,Rammstein/Rammstein/B--------.mp3
8IMFtGnqaZ9JBsYEGrYHZg,Rammstein,Benzin,Rammstein,,226,mp3,Rammstein/Rammstein/Benzin.mp3
C6X2FavOySZNVgZSpbsxaq,Rammstein,Bück dich,Rammstein,,201,mp3,Rammstein/Rammstein/Bück dich.mp3
MAMuI7gk9cdaXdUmPuQwal,Rammstein,Das alte Leid,Rammstein,,344,mp3,Rammstein/Rammstein/Das alte Leid.mp3
z0UmqsGgtK59F1jWD6xkvs,Rammstein,Deutschland,Rammstein,,322,mp3,Rammstein/Rammstein/Deutschland.mp3
I462CG7SddFxmZo4IOdcTx,Rammstein,Du Riecht So Gut,Rammstein,,289,mp3,Rammstein/Rammstein/Du Riecht So Gut.mp3
EQH5kKpKecO9eIWOxQYDdl,Rammstein,Eifersucht,Rammstein,,215,mp3,Rammstein/Rammstein/Eifersucht.mp3
w4v3zSY4PzyVfv0E11nQlk,Rammstein,Engel,Rammstein,,264,mp3,Rammstein/Rammstein/Engel.mp3
SSODuffVi8dxnxuhsxdxhN,Rammstein,Feuer frei!,Rammstein,,188,mp3,Rammstein/Rammstein/Feuer frei!.mp3
EXLyiFrAoIo2L32j6EstEH,Rammstein,Führe mich,Rammstein,,256,mp3,Rammstein/Rammstein/Führe mich.mp3
49grrDmZ5ilis2USlT2xgO,Rammstein,Haifisch,Rammstein,,271,mp3,Rammstein/Rammstein/Haifisch.mp3
uC5GLVa4ID46EMv8iDX7Wu,Rammstein,Hallelujah (Single Track),Rammstein,,223,mp3,Rammstein/Rammstein/Hallelujah (Single Track).mp3
2xxIuvinzu7yS08ONUrsPw,Rammstein,Heirate Mich,Rammstein,,182,mp3,Rammstein/Rammstein/Heirate Mich.mp3
PyP7a3gPTVFt8hlMxLkf0h,Rammstein,Herzeleid,Rammstein,,222,mp3,Rammstein/Rammstein/Herzeleid.mp3
swnAJjOEMcWplW3UDJKKXJ,Rammstein,Ich tu dir weh,Rammstein,,301,mp3,Rammstein/Rammstein/Ich tu dir weh.mp3
zLYumx3J11ZLfpbxeX4G7s,Rammstein,Ich will,Rammstein,,217,mp3,Rammstein/Rammstein/Ich will.mp3
mTJGAHVMiMXy2TgbcIeTRR,Rammstein,Keine Lust,Rammstein,,222,mp3,Rammstein/Rammstein/Keine Lust.mp3
6XmYnZUEMWzJKwZpIkzZL6,Rammstein,Küss mich (Fellfrosch),Rammstein,,210,mp3,Rammstein/Rammstein/Küss mich (Fellfrosch).mp3
JNTLkrSWcIRwSDUgCz0NKe,Rammstein,Laichzeit,Rammstein,,260,mp3,Rammstein/Rammstein/Laichzeit.mp3
2bzz8VyfHM3hsJlDocYk73,Rammstein,Links 2 3 4,Rammstein,,216,mp3,Rammstein/Rammstein/Links 2 3 4.mp3
f97BgEH9Xz0LZZQjhUKZKw,Rammstein,Mann gegen mann,Rammstein,,229,mp3,Rammstein/Rammstein/Mann gegen mann.mp3
WsenEiuATL9Ey0WirGRjEs,Rammstein,Mein Herz brennt,Mutter,2001,279,mp3,Rammstein/Mutter/Mein Herz brennt.mp3
dVshtEkbIifFUkKIvFnqtH,Rammstein,Mein Land,Rammstein,,265,mp3,Rammstein/Rammstein/Mein Land.mp3
6kVaq35vVDW3fAYMGr7aSx,Rammstein,Mein Teil,Rammstein,,272,mp3,Rammstein/Rammstein/Mein Teil.mp3
buGq6y1g9nLnEMgQbdB7aw,Rammstein,Mein Teil (Official Video),Rammstein,,274,mp3,Rammstein/Rammstein/Mein Teil (Official Video).mp3
z9PupL2N9LfwLOBrMSeU98,Rammstein,Morgenstern,Rammstein,,239,mp3,Rammstein/Rammstein/Morgenstern.mp3
qCEJgGurvPuqzqfJlevd31,Rammstein,Mutter,Rammstein,,268,mp3,Rammstein/Rammstein/Mutter.mp3
i9NEQt1nVz2CKjGHmupPsQ,Rammstein,Nebel,Mutter,2001,633,mp3,Rammstein/Mutter/11 - Nebel.mp3
mxrhcgT768FXt7NPlrFoxn,Rammstein,Pussy,Rammstein,,238,mp3,Rammstein/Rammstein/Pussy.mp3
9omL4Yxhsuf4PZAn1Hj13U,Rammstein,Radio,Rammstein,,277,mp3,Rammstein/Rammstein/Radio.mp3
4lg5cpw7VpdryGKKtafXpZ,Rammstein,Rammstein,Rammstein,,206,mp3,Rammstein/Rammstein/Rammstein.mp3
X6tFV4xEvLk4UJE3nZkp2u,Rammstein,Rein raus,Rammstein,,190,mp3,Rammstein/Rammstein/Rein raus.mp3
7K3CtNn6Q8TlG9JTqrYIZp,Rammstein,"Reise, Reise",Rammstein,,251,mp3,"Rammstein/Rammstein/Reise, Reise.mp3"
RiDWS9Pr7fI9xIMbVeskqc,Rammstein,Rosenrot,Rammstein,,234,mp3,Rammstein/Rammstein/Rosenrot.mp3
eDE2p1Oj9mJKVHFB9cztt7,Rammstein,Seemann,Rammstein,,288,mp3,Rammstein/Rammstein/Seemann.mp3
qe7B9EUjj93LduEkD4o0WR,Rammstein,Sehnsucht,Rammstein,,244,mp3,Rammstein/Rammstein/Sehnsucht.mp3
piiapOg037yh6EFWtpzfSQ,Rammstein,Sonne,Rammstein,,272,mp3,Rammstein/Rammstein/Sonne.mp3
fu692UeBZMamsIzEaipNrl,Rammstein,Spiel mit mir,Rammstein,,285,mp3,Rammstein/Rammstein/Spiel mit mir.mp3
K0SaTCxHAd62Af4D8sNE8V,Rammstein,Spieluhr,Rammstein,,286,mp3,Rammstein/Rammstein/Spieluhr.mp3
KI4sL7BuXOKz8I3wpr2xhr,Rammstein,Stein um Stein,Rammstein,,232,mp3,Rammstein/Rammstein/Stein um Stein.mp3
fCpUlnkvc9BjhrQyuJeMCi,Rammstein,Stripped,Rammstein,,280,mp3,Rammstein/Rammstein/Stripped.mp3
9mabhWNPUTNz0rU6EzXdKg,Rammstein,Tier,Rammstein,,226,mp3,Rammstein/Rammstein/Tier.mp3
ySjNhV1bQ8o7F00MlIUbN4,Rammstein,Waidmanns Heil,Rammstein,,212,mp3,Rammstein/Rammstein/Waidmanns Heil.mp3
LBuI1t9CvzntYwrnA1UQol,Rammstein,Weit weg,Rammstein,,260,mp3,Rammstein/Rammstein/Weit weg.mp3
xcWOyZKZ3Ku9kQw5b4upxU,Rammstein,Zick Zack,Rammstein,,244,mp3,Rammstein/Rammstein/Zick Zack.mp3
bhyk1uYFDwQ9GqKcSaDcxx,Rammstein,Zwitter,Rammstein,,257,mp3,Rammstein/Rammstein/Zwitter.mp3
lPeerHrPvk6DkNpdLtyuq8,Rammstein & Katy Perry,Frei heit,Rammstein & Katy Perry,,238,mp3,Rammstein & Katy Perry/Rammstein & Katy Perry/Frei heit.mp3
AjFKhABGvHOGurAWoAE9Nf,Rautu,Close Your Eyes,Close Your Eyes,2020,259,mp3,Rautu/Close Your Eyes/Close Your Eyes.mp3
ABKC4hp1v2bFrU7iJ2gxZV,Ray Charles,"Hit The Road, Jack",Ray Charles,,118,mp3,"Ray Charles/Ray Charles/Hit The Road, Jack.mp3"
fvohE7Vz7RNN2eyv92BLaf,RebellionMusic,Phonk Codeine,RebellionMusic,,72,mp3,RebellionMusic/RebellionMusic/Phonk Codeine.mp3
MC0AqgwjbOjBseBCQJIBlS,Red Hot Chili Peppers,Hump De Bump,Stadium Arcadium,2006,213,mp3,Red Hot Chili Peppers/Stadium Arcadium/10 - Hump De Bump.mp3
rYWfCZZss3yAuSi7PMeOYL,Rexar,Spongebob Goes Raving,Rexar,,232,mp3,Rexar/Rexar/Spongebob Goes Raving.mp3
hE9bqvtvT0qPylm0tHBsIO,RHODAMINE,What the Fuck,RHODAMINE,,100,mp3,RHODAMINE/RHODAMINE/What the Fuck.mp3
uQXskhZHVtegRTLxjLyMBv,Ricchi E Poveri,Mamma Maria,Ricchi E Poveri,,175,mp3,Ricchi E Poveri/Ricchi E Poveri/Mamma Maria.mp3
ZBkCfjbhoV0BJRAGv9HZwk,RichaadEB,Il Vento D'oro,RichaadEB,,323,mp3,RichaadEB/RichaadEB/Il Vento D'oro.mp3
uCH3M64v6BGjVpOyiQhsCw,Richard Grey & Lissat,Fu-Gee-La (Julian The Angel Remix),Richard Grey & Lissat,,324,mp3,Richard Grey & Lissat/Richard Grey & Lissat/Fu-Gee-La (Julian The Angel Remix).mp3
JvlGxt9Df8dfh76ZEsZZVB,Rick Astley,Never Gonna Give You Up,Rick Astley,,211,mp3,Rick Astley/Rick Astley/Never Gonna Give You Up.mp3
WdpkIn2SLREuE9tpefuK0g,Rick Astley,Together Forever (Single Version),Rick Astley,,202,mp3,Rick Astley/Rick Astley/Together Forever (Single Version).mp3
iv5Y8uthNsv5eMCXo6gNjQ,Ricky Bombay,20 on the sleeve (zero),Ricky Bombay,,120,mp3,Ricky Bombay/Ricky Bombay/20 on the sleeve (zero).mp3
RJQrI7FNbFpywzYMZ6vyvC,Rie Fu,Life Is Like A Boat (TV Size Version),Rie Fu,,62,mp3,Rie Fu/Rie Fu/Life Is Like A Boat (TV Size Version).mp3
JRz2ujc6ya0G6fy1jjYLCc,Rikotaro,PPAP (Pen Pineapple Apple Pen),Rikotaro,,43,mp3,Rikotaro/Rikotaro/PPAP (Pen Pineapple Apple Pen).mp3
lkW6tWdJ7Yynto7oFTjUN9,Riton x Nightcrawlers feat. Mufasa & Hypeman,Friday,Friday,2021,156,mp3,"Riton, Nightcrawlers, Mufasa & Hypeman/Friday/56 - Friday.mp3"
ceRKvawnhKPikK6FApuJaU,RMK Records,Erika,RMK Records,,178,mp3,RMK Records/RMK Records/42 - Erika.mp3
KzJIRvE6tVgtYQ5xL2zhyq,RMK Records,Erika (Rare Version),RMK Records,,135,mp3,RMK Records/RMK Records/Erika (Rare Version).mp3
ZdqR7gHvRdACv4Uwm6JvUI,RMK Records,March Erika,RMK Records,,143,mp3,March/RMK Records/22 - March Erika.mp3
ywfb9OPOcoFEhBk3iBrnOE,Robbie Rivera,"The Main Room, Pt. 1",Global Underground #38: Carl Cox,2010,486,mp3,"Carl Cox/Global Underground #38: Carl Cox/01-16 - The Main Room, Pt. 1.mp3"
YqZEaYixcE3bf7zfN050kr,Rockwell,Vent,Rockwell,,268,mp3,Rockwell/Rockwell/Vent.mp3
hzlXD8EkovH2CrMXeI2wIS,"RoelBeat, Kinky Sound",Top Gun,"RoelBeat, Kinky Sound",,324,mp3,"RoelBeat, Kinky Sound/RoelBeat, Kinky Sound/Top Gun.mp3"
IZedMtCaNbeEbumgVvovxs,"Rom$e$, Vem",Psycho,"Rom$e$, Vem",,123,mp3,"Rom$e$, Vem/Rom$e$, Vem/Psycho.mp3"
FwtwHjG8b9ZBdCqy2VlLPz,Romper Stomper,OST,Romper Stomper,,128,mp3,Romper Stomper/Romper Stomper/OST.mp3
M39qlsEcgLMrWJjfC48o0k,Romper Stomper Soundtrack,Pulling on the boots,Romper Stomper Soundtrack,,128,mp3,Romper Stomper Soundtrack/Romper Stomper Soundtrack/Pulling on the boots.mp3
NUjtQBj6WxMknAl56hcwkg,Roxette,The Look,Roxette,,237,mp3,Roxette/Roxette/The Look.mp3
yhjgcdqkInWTBgVbN5Opns,Roy Orbison,You Got It,Roy Orbison,,210,mp3,Roy Orbison/Roy Orbison/You Got It.mp3
UlMNyK0wsdcJRUvqXRJIf0,Royal Concertgebouw Orchestra,Jazz Suite No. 2 Waltz II,Royal Concertgebouw Orchestra,,221,mp3,Royal Concertgebouw Orchestra/Royal Concertgebouw Orchestra/Jazz Suite No. 2 Waltz II.mp3
XkCX86uDdCHPJ27fIquJa3,RUN DMC,It's Tricky,RUN DMC,,183,mp3,RUN DMC/RUN DMC/It's Tricky.mp3
DZ7jLpYJoWQcrPQWPZETJ1,Russian Funk,Your Body Is So Tanned,Russian Funk,,388,mp3,Russian Funk/Russian Funk/Your Body Is So Tanned.mp3
zjB159vSruh208BD7nk5GL,Ryder Spot,Supernova,Ryder Spot,,177,mp3,Ryder Spot/Ryder Spot/Supernova.mp3
qaqyVUdBiosfmzHBKRw8Tu,S.T.A.L.K.E.R.,Заставки в Stalker Тень Чернобыля и Staker Чистое Небо,S.T.A.L.K.E.R.,,125,mp3,S.T.A.L.K.E.R./S.T.A.L.K.E.R./Заставки в Stalker Тень Чернобыля и Staker Чистое Небо.mp3
OBIXHXMJE4O2kgTRrlYkoN,Sabaton,Ghost Division,Sabaton,,231,mp3,Sabaton/Sabaton/Ghost Division.mp3
zJpnCOZo7r6Sn2PcWrZm6A,Sabaton,White Death,Sabaton,,250,mp3,Sabaton/Sabaton/White Death.mp3
af2bLIWTTAlHUrQmx09xex,Sade,Smooth Operator,Sade,,255,mp3,Sade/Sade/Smooth Operator.mp3
rrpjj2GBube2HLaWImQRSS,Sadikbeatz,Demon,Sadikbeatz,2020,209,mp3,Sadikbeatz/Sadikbeatz/01-64 - Demon.mp3
UNgQYI4ono45SUJrTdz9lb,"SAGE, haydys",Oblivion,"SAGE, haydys",,223,mp3,"SAGE, haydys/SAGE, haydys/Oblivion.mp3"
spPrq7zpnSbDlRyRYh4XB1,SAINT PUNK,Disko,SAINT PUNK,,228,mp3,SAINT PUNK/SAINT PUNK/Disko.mp3
Ge6iszbI0OQ7MW1QSHqQOG,SAKUREYE,CALL ME,SAKUREYE,,160,mp3,SAKUREYE/SAKUREYE/CALL ME.mp3
ZLw7RpHo3E99AZtQwHitJs,Salt-N-Pepa,Push It,Salt-N-Pepa,,206,mp3,Salt-N-Pepa/Salt-N-Pepa/Push It.mp3
WIro6ovI1A2BzVp9uV4Tii,Sammy Deuce,Sweet Surprises,Night Of Surprises EP,2019,337,mp3,Sammy Deuce/Night Of Surprises EP/Sweet Surprises.mp3
MtbEoXxL1y5YIT1yK1yXIV,Samuel Kim,Attack on Titan S4 Part 2 Episode 10 OST Two Lives (2 Volt) EPIC VERSION,Samuel Kim,,360,mp3,Samuel Kim/Samuel Kim/31 - Attack on Titan S4 Part 2 Episode 10 OST Two Lives (2 Volt) EPIC VERSION.mp3
eNHOn7i76VCo8i8TUZWtgJ,Samuel Kim,Awaken (Pillar Men Theme EPIC VERSION),Samuel Kim,,231,mp3,Samuel Kim/Samuel Kim/Awaken (Pillar Men Theme EPIC VERSION).mp3
yrKLNxYYsa7Ykv64F7ddkL,Sandra,A Big Insanity (Life May Be),Sandra,,267,mp3,Sandra/Sandra/A Big Insanity (Life May Be).mp3
Av1WctqDDuG2oFMADkXvkZ,Sandra,Around My Heart,Sandra,,188,mp3,Sandra/Sandra/Around My Heart.mp3
hvDVad0TczFKwHpOjfgpRu,Sandra,Celebrate Your Life,Sandra,,205,mp3,Sandra/Sandra/Celebrate Your Life.mp3
VkYrGeoxLrdp7A5kZbPSjk,Sandra,Don't Be Agressive,Sandra,,284,mp3,Sandra/Sandra/Don't Be Agressive.mp3
b6nBk6DBJbfXs8U5N0CIX4,Sandra,Don't Cry (The Breakup Of The World),Sandra,,295,mp3,Sandra/Sandra/Don't Cry (The Breakup Of The World).mp3
cERNH8hxsuqC34D5KylLHq,Sandra,Everlasting Love,Sandra,,221,mp3,Sandra/Sandra/Everlasting Love.mp3
dS6YoAt3mdxbsprinyyf3Y,Sandra,First Lullaby (1995),Sandra,,259,mp3,Sandra/Sandra/First Lullaby (1995).mp3
TzEVFKYerBDeFDx8vvaHgN,Sandra,Forever,Sandra,,224,mp3,Sandra/Sandra/Forever.mp3
rNusACKDDzOEyogZnv37jv,Sandra,Forgive Me,Sandra,,260,mp3,Sandra/Sandra/Forgive Me.mp3
Timfc1VBnx8uAWBtKrzaDB,Sandra,Heartbeat (That's Emotion),Sandra,,295,mp3,Sandra/Sandra/Heartbeat (That's Emotion).mp3
drfQZocggozaqMNbygXvST,Sandra,Heaven Can Wait,Sandra,,240,mp3,Sandra/Sandra/Heaven Can Wait.mp3
AHe2WDviDNDolV3QXPtHp9,Sandra,Hi! Hi! Hi!,Sandra,,249,mp3,Sandra/Sandra/Hi! Hi! Hi!.mp3
mE5vEOgU4jG2bvqxlkzecU,Sandra,Hiroshima,Sandra,,251,mp3,Sandra/Sandra/Hiroshima.mp3
oppWnpF8MPunrfttTiXsRT,Sandra,I Close My Eyes,Sandra,,242,mp3,Sandra/Sandra/I Close My Eyes.mp3
ToZxOEWt3HB6gZlhgQHbFN,Sandra,I Need Love,Sandra,,199,mp3,Sandra/Sandra/I Need Love.mp3
iRpF4DCPClVk15eK1IYBzi,Sandra,In the Heat of the Night,Ten on One (The Singles),1987,322,mp3,Sandra/Ten on One (The Singles)/07 - In the Heat of the Night.mp3
mq7aMaQGDCNyf64Gm6n1iu,Sandra,Infinite Kiss,Sandra,,295,mp3,Sandra/Sandra/Infinite Kiss.mp3
yFnG9mWAUKbfiNx6krwpnN,Sandra,Innocent Love,Sandra,,227,mp3,Sandra/Sandra/Innocent Love.mp3
NH2tKOGy40kq5LCMQEhwnv,Sandra,Johnny Wanna Live,Sandra,,226,mp3,Sandra/Sandra/Johnny Wanna Live.mp3
mwr2En4d0MzkCpGnVWmQkr,Sandra,Just Like Diamonds,Sandra,,331,mp3,Sandra/Sandra/Just Like Diamonds.mp3
dPSJ3CS4mJdDJ8L9Fa88MD,Sandra,Little Girl,Sandra,,189,mp3,Sandra/Sandra/Little Girl.mp3
3lTM7lmR9a0IqBKiTZ2sTA,Sandra,Loreen,Sandra,,251,mp3,Sandra/Sandra/Loreen.mp3
bVFnFuvGdxnBtuXiu7jH6G,Sandra,Lovelight In Your Eyes,Sandra,,326,mp3,Sandra/Sandra/Lovelight In Your Eyes.mp3
g3hoes54W1O2hL2Fyo6pX0,Sandra,Maria Magdalena,Sandra,,237,mp3,Sandra/Sandra/Maria Magdalena.mp3
27l96pERxJohut0SgMXc0A,Sandra,Maybe tonight (Original Version),Sandra,,185,mp3,Sandra/Sandra/Maybe tonight (Original Version).mp3
pynKEo3ihIjsjfm6JfGRdY,Sandra,Medley- The Journey,Sandra,,449,mp3,Sandra/Sandra/Medley- The Journey.mp3
eMKtcOgxtbAYYafM5TMpEA,Sandra,Midnight Man,Sandra,,183,mp3,Sandra/Sandra/Midnight Man.mp3
vMwxU0N87Btev6bpVxR2ji,Sandra,Mirror Of Love,Sandra,,254,mp3,Sandra/Sandra/Mirror Of Love.mp3
IpIs0ZzvBOt8o4GP8ooIsc,Sandra,Mirrored In Your Eyes,Sandra,,208,mp3,Sandra/Sandra/Mirrored In Your Eyes.mp3
NriQKrGZRRbKS5Ii6SRONG,Sandra,Moscow Nights,Sandra,,223,mp3,Sandra/Sandra/Moscow Nights.mp3
BDGvoMWsqpSrR4Gy2jo0Fm,Sandra,Nights In White Satin,Sandra,,213,mp3,Sandra/Sandra/Nights In White Satin.mp3
svv6PexcnM4c86SdithrEZ,Sandra,No Taboo,Sandra,,234,mp3,Sandra/Sandra/No Taboo.mp3
B9wV32C9j4jFTzdAzXR4zF,Sandra,On The Tray (Seven Years),Sandra,,226,mp3,Sandra/Sandra/On The Tray (Seven Years).mp3
v2Sq5RODLF5RPd7jpdJ6ji,Sandra,One More Night,Sandra,,241,mp3,Sandra/Sandra/One More Night.mp3
x1cue0Pl7C8t1iNeUn8nYu,Sandra,Seal It Forever,Sandra,,291,mp3,Sandra/Sandra/Seal It Forever.mp3
mVBk1TmSVwcwcY7w3bnT0j,Sandra,Secret Land,Sandra,,279,mp3,Sandra/Sandra/Secret Land.mp3
D5Ffy5u2f2IV1RO0DuBf7E,Sandra,Silent Running (2002),Sandra,,258,mp3,Sandra/Sandra/Silent Running (2002).mp3
HEjNrz90fK1YsQFzhFmo9O,Sandra,Son Of A Time Machine,Sandra,,306,mp3,Sandra/Sandra/Son Of A Time Machine.mp3
xxxocPZLgy1yPJmfv439EF,Sandra,Steady Me,Sandra,,239,mp3,Sandra/Sandra/Steady Me.mp3
WwqWIJP9nqXPD3TlfKMSNX,Sandra,Stop For A Minute,Sandra,,243,mp3,Sandra/Sandra/Stop For A Minute.mp3
MOgnnoScHwRdfOKSnydTz9,Sandra,Two Lovers Tonight,Sandra,,226,mp3,Sandra/Sandra/Two Lovers Tonight.mp3
J91Vnu0dwTEPY1FZpcUmak,Sandra,We'll Be Together,Sandra,,225,mp3,Sandra/Sandra/We'll Be Together.mp3
61FjyWnvCuN1ZaPqntKxL2,Sandra,You And I,Sandra,,360,mp3,Sandra/Sandra/You And I.mp3
Xeug2k93Y67biOXxkhzdnh,Sandra,You'll Be Mine,Sandra,,264,mp3,Sandra/Sandra/You'll Be Mine.mp3
nug6tANVoatZrMb6SdONum,Sandra feat. Thomas Anders,The Night Is Still Young,Sandra feat. Thomas Anders,,200,mp3,Sandra/Sandra feat. Thomas Anders/The Night Is Still Young.mp3
J0wBvKPuhXHbXCAQA4NZss,Sandy Marton,Camel by Camel,Sandy Marton,,325,mp3,Sandy Marton/Sandy Marton/Camel by Camel.mp3
U4kPGx80Jzkd3nLnK8cBkc,Sarah Brightman & Andrea Bocelli,Time To Say Goodbye,Sarah Brightman & Andrea Bocelli,,253,mp3,Sarah Brightman & Andrea Bocelli/Sarah Brightman & Andrea Bocelli/Time To Say Goodbye.mp3
qOs2nZB0YbwOHkYkcnWd5P,Sash!,Ecuador,Sash!,,212,mp3,Sash!/Sash!/Ecuador.mp3
2MTAr52rTV4lVURBwR4nRa,Sasha Lopez & Brianna,Chemical,Sasha Lopez & Brianna,,188,mp3,Sasha Lopez & Brianna/Sasha Lopez & Brianna/Chemical.mp3
vArNZnlQqnMc937sh2REGc,Satara,The Game,Satara,,192,mp3,Satara/Satara/The Game.mp3
LOtQLJ4ZMr8yH56mtLWCwF,Savage,Only You - Дискотека 80-90-х,Savage,,219,mp3,Savage/Savage/Only You - Дискотека 80-90-х.mp3
MWf4ClDJBf8LU0bDVw2tq3,Savage Circuit,How Did We Get Here,Savage Circuit,,466,mp3,Savage Circuit/Savage Circuit/How Did We Get Here.mp3
j5PaPte4jZ7bf7nl4ESiBI,Savage Circuit,Just an Animal,Savage Circuit,,480,mp3,Savage Circuit/Savage Circuit/Just an Animal.mp3
uTSt7XfiwBRBUutbdyOr2W,Savage Garden,Truly Madly Deeply,Savage Garden,,277,mp3,Savage Garden/Savage Garden/Truly Madly Deeply.mp3
KygZLBAMb7rLWCnVadBPh2,Sawano Hiroyuki,XL-TT,Sawano Hiroyuki,,397,mp3,Sawano Hiroyuki/Sawano Hiroyuki/XL-TT.mp3
safpgsTf08s0OvoN13GkSc,Scatman John,Scatman,Scatman John,1995,216,mp3,Scatman John/Scatman John/Scatman.mp3
eAcZ4RAJ9kwaXUlaJJd36R,Scatman John,Scatman (ski-ba-bop-ba-dop-bop),Scatman's World,1995,216,mp3,Scatman John/Scatman's World/Scatman (ski-ba-bop-ba-dop-bop).mp3
KaiPt27bhiC6Zp8HEVI5fD,Scatman John,Sing Now!,Scatman's World,1995,221,mp3,Scatman John/Scatman's World/Sing Now!.mp3
20y30Y7nNCLiaOl4eNJAyr,Scooter,FIRE,Scooter,,183,mp3,Scooter/Scooter/FIRE.mp3
XSQePr1PAYpPiZgELWaS7i,Scorpions,Wind Of Change,True 90s,2008,312,mp3,Scorpions/True 90s/Wind Of Change.mp3
7w4zlXmyQLgzkLHJ2GGpzW,Scotch,Disco Band,Scotch,,300,mp3,Scotch/Scotch/Disco Band.mp3
jauYhDg0dint9d5OA5X2BU,Scotty,He's a Pirate,Scotty,,219,mp3,Scotty/Scotty/He's a Pirate.mp3
ilmHCg5j5mnhozIiPpTMAH,SDMS,Sparkle,SDMS,,172,mp3,SDMS/SDMS/Sparkle.mp3
wRv1uPh795X1JcQXvuVQof,Sebastian Weikum pres. The Vehicle,Cruise Control,Sebastian Weikum pres. The Vehicle,,365,mp3,Sebastian Weikum pres. The Vehicle/Sebastian Weikum pres. The Vehicle/Cruise Control.mp3
Swm9zB3kdFWkVtpFbilo36,seimoro,Nightmares,Nihon No Akumu,2024,122,mp3,seimoro/Nihon No Akumu/Nightmares.mp3
IYrsBQHZWmGaw46qNNz5xP,seimoro,Uchiha,Nihon No Seishin,2023,143,mp3,seimoro/Nihon No Seishin/Uchiha.mp3
4Ltz1xSrYO9oFiLIVFCzcK,send 1,icewhore,send 1,,86,mp3,send 1/send 1/icewhore.mp3
ADEpzRz0MMWuTBkyKM8w38,Senpai Shido,66War99,Senpai Shido,,81,mp3,Senpai Shido/Senpai Shido/66War99.mp3
R4ArKhz8bhOnv6JyPpgFkV,"Serhat Durmus, Zerrin",Hislerim,"Serhat Durmus, Zerrin",,32,mp3,"Serhat Durmus, Zerrin/Serhat Durmus, Zerrin/Hislerim.mp3"
sbyyjW1I3K4wM2htXEPvCn,"Serhat Kanat, EQZLN",Dionysus,"Serhat Kanat, EQZLN",,145,mp3,"Serhat Kanat, EQZLN/Serhat Kanat, EQZLN/Dionysus.mp3"
Gg4nIXWSLBSxrEiJsrzr7M,Serhat PARS,Xff Drevm,Serhat PARS,,190,mp3,Serhat PARS/Serhat PARS/Xff Drevm.mp3
jmopR4eiQi2ZslGHxyuSMH,Sevec Aldyn-ool,"CD - Guttural Singing Of The Sayan, Altai, And Ural Mountains-, 1993, № 9). Recorded by Radio (Tuva)",Sevec Aldyn-ool,,117,mp3,"Sevec Aldyn-ool/Sevec Aldyn-ool/CD - Guttural Singing Of The Sayan, Altai, And Ural Mountains-, 1993, № 9). Recorded by Radio (Tuva).mp3"
D1eJ6wBpxp4RY5bYN5IH9b,Sevec Aldyn-ool,Kargyraa,Sevec Aldyn-ool,,117,mp3,Sevec Aldyn-ool/Sevec Aldyn-ool/Kargyraa.mp3
Vuavmoxp1NNy4bRaJbM1C7,SHADXWBXRN,DYNAMIC,SHADXWBXRN,,120,mp3,SHADXWBXRN/SHADXWBXRN/DYNAMIC.mp3
Pbmqvd2UKU5TpNfzotRmdc,SHAMAN,ЖИВОЙ,SHAMAN,,200,mp3,SHAMAN/SHAMAN/ЖИВОЙ.mp3
3Hs29ZFHhTEcLDmLq0ACzz,SHAMAN,МЫ,SHAMAN,,191,mp3,SHAMAN/SHAMAN/МЫ.mp3
eoDRFPjZYxX2aieVVyrFg9,She Past Away,Katarsis,Part Time Punks Session,2020,193,mp3,She Past Away/Part Time Punks Session/01-06 - Katarsis.mp3
WpK8ADgrQ7GyTugJkLis2I,SHERELLE,JUNGLE TEKNAH,SHERELLE,,242,mp3,SHERELLE/SHERELLE/JUNGLE TEKNAH.mp3
QkfGvb3lBAlTY6ZkR1PGXV,Shiro Sagisu,12 Nothing Can Be Explained (vocal ver.),Bleach OST,,207,mp3,Shiro Sagisu/Bleach OST/12 Nothing Can Be Explained (vocal ver.).mp3
wLYifQ3uWVsWHx1LPkVF1I,Shiro Sagisu,A Requiem,Bleach OST,,147,mp3,Shiro Sagisu/Bleach OST/A Requiem.mp3
Lx3MRdEpITmaMXi1jLr9CF,Shiro Sagisu,Anguish,Bleach OST,,137,mp3,Shiro Sagisu/Bleach OST/Anguish.mp3
HUUXXQv6qPPJqWXgM5HpoS,Shiro Sagisu,Asterisk (OST ver.),Bleach OST,,122,mp3,Shiro Sagisu/Bleach OST/Asterisk (OST ver.).mp3
f79AczlZt1VXcBRl0SaeYa,Shiro Sagisu,Battle for Justice (Bleach OST),Bleach OST,,119,mp3,Shiro Sagisu/Bleach OST/Battle for Justice (Bleach OST).mp3
S9LtbEdfZ1UwtsZEIobLgJ,Shiro Sagisu,Battle Ignition,Bleach OST,,135,mp3,Shiro Sagisu/Bleach OST/Battle Ignition.mp3
a4YZSrb3p0Brq5U3riTtQJ,Shiro Sagisu,Bleach Music(1),Bleach OST,,162,mp3,Shiro Sagisu/Bleach OST/Bleach Music(1).mp3
ahsL3ABPTsrBdSRqYdXo1o,Shiro Sagisu,Bleach Music(2),Bleach OST,,138,mp3,Shiro Sagisu/Bleach OST/Bleach Music(2).mp3
7AyX739Nptepo4h13cjbsO,Shiro Sagisu,Burden Of The Past,Bleach OST,,142,mp3,Shiro Sagisu/Bleach OST/Burden Of The Past.mp3
8l4Q3oOrfemT4QB4tLsB2L,Shiro Sagisu,Catch-22 {Bleach},Bleach OST,,129,mp3,Shiro Sagisu/Bleach OST/Catch-22 {Bleach}.mp3
Wi7mLFWz81lm8G0wk4xJ9e,Shiro Sagisu,Clavar La Espada,Bleach OST,,219,mp3,Shiro Sagisu/Bleach OST/Clavar La Espada.mp3
gkTdKxGjrOF5ucLefwqTuT,Shiro Sagisu,Creeping shadows,Bleach OST,,141,mp3,Shiro Sagisu/Bleach OST/Creeping shadows.mp3
H46mTl2F1cCsDnRO7Jh90u,Shiro Sagisu,Destiny Awaits,Bleach OST,,123,mp3,Shiro Sagisu/Bleach OST/Destiny Awaits.mp3
JW5YbF3IsCs33wLhSVQeAS,Shiro Sagisu,Emergence Of The Haunted,Bleach OST,,143,mp3,Shiro Sagisu/Bleach OST/Emergence Of The Haunted.mp3
AoFHigG74Z18pSdPOkke4Q,Shiro Sagisu,Final Getsuga Theme,Bleach OST,,245,mp3,Shiro Sagisu/Bleach OST/Final Getsuga Theme.mp3
VdFh71Yww9itBmS6Bt6jTr,Shiro Sagisu,Heat Of The Battle,Bleach OST,,86,mp3,Shiro Sagisu/Bleach OST/Heat Of The Battle.mp3
2ecsfGNXSA9p9i39q7ZLdw,Shiro Sagisu,Here to stay (Bleach Soundtrack),Bleach OST,,180,mp3,Shiro Sagisu/Bleach OST/Here to stay (Bleach Soundtrack).mp3
5uGnt9v0HDF8GTUhjmevTM,Shiro Sagisu,Hollowed,Bleach OST,,103,mp3,Shiro Sagisu/Bleach OST/Hollowed.mp3
CKMCPytFEaJOpL2yZxxrQX,Shiro Sagisu,Ichirin no Hana,Bleach OST,,221,mp3,Shiro Sagisu/Bleach OST/Ichirin no Hana.mp3
2TtLGUuNOYVkzIqkY1E8h6,Shiro Sagisu,Invasion,Bleach OST,,170,mp3,Shiro Sagisu/Bleach OST/Invasion.mp3
B9Pl0NgSNAXUjGtEP7s5py,Shiro Sagisu,La Distancia Para Un Duelo,Bleach OST,,177,mp3,Shiro Sagisu/Bleach OST/La Distancia Para Un Duelo.mp3
13mVRbtoyAFtgGMP7MRxIm,Shiro Sagisu,Never Meant to Belong {Bleach},Bleach OST,,326,mp3,Shiro Sagisu/Bleach OST/Never Meant to Belong {Bleach}.mp3
6X0LLMKD3T9yrcgdcC4ujw,Shiro Sagisu,Nothing Can Be Explained (Instrumental Version),Bleach OST,,104,mp3,Shiro Sagisu/Bleach OST/Nothing Can Be Explained (Instrumental Version).mp3
BLZTKXzEFqjoViKhsu77YC,Shiro Sagisu,Nube negra (Bleach OST),Bleach OST,,115,mp3,Shiro Sagisu/Bleach OST/Nube negra (Bleach OST).mp3
zhYq6ACQqexVqSKU9k8lkP,Shiro Sagisu,Number One,Shiro Sagisu,,296,mp3,Bleach OST | Shiro Sagisu/Shiro Sagisu/02 - Number One.mp3
EM9BojtWzHtZL9VCEyG6pD,Shiro Sagisu,Number One (2),Shiro Sagisu,,296,mp3,Shiro Sagisu/Shiro Sagisu/Number One (2).mp3
TYOtUCASQ07b9Z5kD78wjD,Shiro Sagisu,Number One's One Else,Bleach OST,,209,mp3,Shiro Sagisu/Bleach OST/Number One's One Else.mp3
9LE69AAhk1c1O8KxWPAMtk,Shiro Sagisu,Ominous Premonition,Bleach OST,,127,mp3,Shiro Sagisu/Bleach OST/Ominous Premonition.mp3
qtrFwGyQE6e4xOFzDk0bX3,Shiro Sagisu,On The Precipice Of Defeat,Bleach OST,,177,mp3,Shiro Sagisu/Bleach OST/On The Precipice Of Defeat.mp3
adfVNQ6BmlaNU4u5yF9s1t,Shiro Sagisu,On The Verge Of Insanity,Bleach OST,,138,mp3,Shiro Sagisu/Bleach OST/On The Verge Of Insanity.mp3
me40W9ccD9z5bLON8yTsIu,Shiro Sagisu,Pleasures Оf Combat,Bleach OST,,152,mp3,Shiro Sagisu/Bleach OST/Pleasures Оf Combat.mp3
xIQmWRwG27duTwuBtNTl1Z,Shiro Sagisu,Power To Strive,Bleach OST,,139,mp3,Shiro Sagisu/Bleach OST/Power To Strive.mp3
FMT37Rriea4W47gZK6hg5u,Shiro Sagisu,Princess In Captivity,Bleach OST,,120,mp3,Shiro Sagisu/Bleach OST/Princess In Captivity.mp3
xJ5cFF42IHdXuylzDMacI6,Shiro Sagisu,Principio De Lucha,Bleach OST,,149,mp3,Shiro Sagisu/Bleach OST/Principio De Lucha.mp3
aUDEZc95ZOTG2QUrLMl47d,Shiro Sagisu,Quincy's Craft,Bleach OST,,135,mp3,Shiro Sagisu/Bleach OST/Quincy's Craft.mp3
LElENegix0MyldrjSoItiE,Shiro Sagisu,Raw Breath Of Danger,Bleach OST,,137,mp3,Shiro Sagisu/Bleach OST/Raw Breath Of Danger.mp3
fScFl2LjvvR1VlralSdzzo,Shiro Sagisu,Requiem For The Lost Ones,Bleach OST,,136,mp3,Shiro Sagisu/Bleach OST/Requiem For The Lost Ones.mp3
h7vC7nGHJ0UsMyDZYCVS6n,Shiro Sagisu,Requiem for the lost ones (2),Shiro Sagisu,,136,mp3,Shiro Sagisu/Shiro Sagisu/Requiem for the lost ones (2).mp3
qxOrZxUFDjHKO61GlFw6LU,Shiro Sagisu,Sakkaku,Bleach OST,,137,mp3,Shiro Sagisu/Bleach OST/Sakkaku.mp3
9VlPXVlybmmOwzZINEtmDK,Shiro Sagisu,Shadow's Masquerade,Bleach OST,,149,mp3,Shiro Sagisu/Bleach OST/Shadow's Masquerade.mp3
TxQopsBiEP3AAdsYq4ZXtn,Shiro Sagisu,Soundscape To Ardor,Bleach OST,,168,mp3,Shiro Sagisu/Bleach OST/Soundscape To Ardor.mp3
vF9y5tJ7o5cAP6AVGMGIyN,Shiro Sagisu,Storm Center,Bleach OST,,159,mp3,Shiro Sagisu/Bleach OST/Storm Center.mp3
3L27sU2HAiM7ogzg8icg5H,Shiro Sagisu,Swan Song,Bleach OST,,234,mp3,Shiro Sagisu/Bleach OST/Swan Song.mp3
mnh24AztE80myjptOJFsX9,Shiro Sagisu,Torn Apart,Bleach OST,2006,164,mp3,Shiro Sagisu/Bleach OST/20 - Torn Apart.mp3
Z3OwNTdjcmmZ4KwfDUzj32,Shiro Sagisu,Vanishing Soul,Bleach OST,,293,mp3,Shiro Sagisu/Bleach OST/Vanishing Soul.mp3
379cJVHPC8ZUr9gjRVbBZN,Shiro Sagisu,Will Of The Heart,Bleach OST,,228,mp3,Shiro Sagisu/Bleach OST/Will Of The Heart.mp3
Lmay96HP5isfJEeZehjWPh,Shreya Ghoshal,Dhoom Taana,Shreya Ghoshal,2024,373,mp3,Shreya Ghoshal/Shreya Ghoshal/Dhoom Taana.mp3
Clb0WUQJSqbefZhnyg3Lec,Sidney Samson,Riverside,Sidney Samson,,145,mp3,Sidney Samson/Sidney Samson/Riverside.mp3
tFNNIFski8iTNlnIC2NUIa,SILENT CIRCLE,Anywhere Tonight,SILENT CIRCLE,,198,mp3,SILENT CIRCLE/SILENT CIRCLE/Anywhere Tonight.mp3
kLH4Xj1lKiH3RjzRtht2fs,SILENT CIRCLE,Touch In The Night,SILENT CIRCLE,,319,mp3,SILENT CIRCLE/SILENT CIRCLE/Touch In The Night.mp3
Zl3uMQwQBiSngstZQHJMbF,Silver Pozzoli,Around My Dream,Неизвестен,,242,mp3,Silver Pozzoli/Неизвестен/Around My Dream.mp3
2mdHdhae39EXGr5rZq3drc,Simon Le Grec,Drakkar,I Can't,2018,401,mp3,Simon Le Grec/I Can't/Drakkar.mp3
QtI0UgDK9CAZZ7po9C2vRA,Simon Le Grec,Terre D' Hermes 3,I Can't,2018,259,mp3,Simon Le Grec/I Can't/Terre D' Hermes 3.mp3
gNgD15TGFt6OyUnBN1bqku,Simon Le Grec,Terre d' Hèrmes (Radio Edit),Simon Le Grec,,249,mp3,Simon Le Grec/Simon Le Grec/Terre d' Hèrmes (Radio Edit).mp3
YDO7Ki7KqOzTOOBrq5jmiJ,Skale,E - Tron - Rising Vortex - Trapademic,Skale,,124,mp3,Skale/Skale/E - Tron - Rising Vortex - Trapademic.mp3
YhD951ye7ZTFVbRja6r348,Skid Row,Sweet Little Sister,Skid Row,,189,mp3,Skid Row/Skid Row/Sweet Little Sister.mp3
q4MK9ps9GShY81KyCeBCdZ,Skit,West London Empath,West London Empath,2019,280,mp3,Skit/West London Empath/West London Empath.mp3
aYPa7Q3sjtbnrZonnzLU7h,"skyfall beats, eyfect",overdrive,"skyfall beats, eyfect",,202,mp3,"skyfall beats, eyfect/skyfall beats, eyfect/overdrive.mp3"
1sFEjfIko7fMJJsvO34opc,SkyLink,High Dive,SkyLink,,540,mp3,SkyLink/SkyLink/High Dive.mp3
uYuVLxkEv34KzLEzx6apxx,Slipknot,Psychosocial,Slipknot,,283,mp3,Slipknot/Slipknot/Psychosocial.mp3
kCA9Y3F51HEPytTTdd3885,Slipknot,Wait and Bleed,Slipknot,,147,mp3,Slipknot/Slipknot/Wait and Bleed.mp3
yyMmx56poRcZ3rqIO67Tl0,SLY BOOGY,That`s My Name,SLY BOOGY,,208,mp3,SLY BOOGY/SLY BOOGY/That`s My Name.mp3
lYMqdBNmUbQkCH2fGvRQno,SNAP!,The Power,SNAP!,,229,mp3,SNAP!/SNAP!/The Power.mp3
u0kH4SgvFRlITKWISMdVpU,Snoop Dogg,LaLaLa (zaycev.net),Snoop Dogg,,240,mp3,Snoop Dogg/Snoop Dogg/LaLaLa (zaycev.net).mp3
sepoLkddDkqxXMsqJXLwm2,Snoop Dogg,Sensual Seduction,Snoop Dogg,,245,mp3,Snoop Dogg/Snoop Dogg/Sensual Seduction.mp3
Yc7FPdH82HBItcE60fE22W,Snoop Dogg,Tha shiznit,Snoop Dogg,,247,mp3,Snoop Dogg/Snoop Dogg/Tha shiznit.mp3
YzJmopBuxTUFsfVZXYK4zo,Snoop Dogg,Who I Am (What's My Name-) (-NR),Snoop Dogg,,125,mp3,Snoop Dogg/Snoop Dogg/Who I Am (What's My Name-) (-NR).mp3
HGSewLJ0fwFLlfNaQZppPa,Snoop Dogg & The Doors,Riders On The Storm (Fredwreck Remix),Snoop Dogg & The Doors,,373,mp3,Snoop Dogg & The Doors/Snoop Dogg & The Doors/Riders On The Storm (Fredwreck Remix).mp3
CnYjQQNiTPZJugzquvv2Iu,Snoop Dogg feat. B-Real,Vato,Snoop Dogg feat. B-Real,,284,mp3,Snoop Dogg/Snoop Dogg feat. B-Real/Vato.mp3
dqdeYehQeZgPF51eAN6KKC,Snoop Dogg feat. Pharrel,Drop it like it's hot,Snoop Dogg feat. Pharrel,,272,mp3,Snoop Dogg/Snoop Dogg feat. Pharrel/Drop it like it's hot.mp3
Ffoajf8jyk3ciDYRuRiJhY,Snoop Dogg x Игорь Вихорьков,Тёща Приехала к Снуп Доггу,Snoop Dogg x Игорь Вихорьков,,184,mp3,Snoop Dogg x Игорь Вихорьков/Snoop Dogg x Игорь Вихорьков/Тёща Приехала к Снуп Доггу.mp3
A0Ut7nR8sVbpN4M5RrQXIG,"Snoop Dogg, David Guetta",Sweat,"Snoop Dogg, David Guetta",,196,mp3,"Snoop Dogg, David Guetta/Snoop Dogg, David Guetta/Sweat.mp3"
Z4PJAkIMd5GXODGDpxKgxA,"Snoop Dogg, Wiz Khalifa feat. Bruno Mars","Young, Wild & Free (feat. Bruno Mars)","Snoop Dogg, Wiz Khalifa feat. Bruno Mars",,207,mp3,"Snoop Dogg, Wiz Khalifa/Snoop Dogg, Wiz Khalifa feat. Bruno Mars/Young, Wild & Free (feat. Bruno Mars).mp3"
PWnadfSyuZYTHavQtB0SDb,Snoop Doggy Dogg,Gin & Juice,Snoop Doggy Dogg,,211,mp3,Snoop Doggy Dogg/Snoop Doggy Dogg/Gin & Juice.mp3
5RFCmzdy1mPwNZO656SRTv,Softmal,Celebrate Good Times,Softmal,,354,mp3,Softmal/Softmal/Celebrate Good Times.mp3
LA1hRmXNoYpAXyccPFLJVQ,Soul Clap,Moov To Tha Beat,Soul Clap,,389,mp3,Soul Clap/Soul Clap/Moov To Tha Beat.mp3
5CHaw31ziOyYfVkjL2ILTi,Space Food,Foretime,Space Food,,412,mp3,Space Food/Space Food/Foretime.mp3
ARtmVhxo1QgaCk9r5qu5av,Spice Girls,Wannabe,Spice Girls,,174,mp3,Spice Girls/Spice Girls/Wannabe.mp3
RnOPEFtixALhrSSzx4zujU,Spongebob Squarepants,Stadium Rave,Spongebob Squarepants,,68,mp3,Spongebob Squarepants/Spongebob Squarepants/Stadium Rave.mp3
rAiIu7XIh05GVNSfgwtoSL,Spring Minuet,Natural Relaxation of Flowing Water,Spring Minuet,,437,mp3,Spring Minuet/Spring Minuet/Natural Relaxation of Flowing Water.mp3
nAEkgIO1bwTTxhEODmqhAZ,"SQWOZ BAB, The First Station",АУФ,"SQWOZ BAB, The First Station",,140,mp3,"SQWOZ BAB, The First Station/SQWOZ BAB, The First Station/АУФ.mp3"
e6gj2QBSWQvysiNBRA18Iy,Status Quo,In The Army Now,Status Quo,,275,mp3,Status Quo/Status Quo/In The Army Now.mp3
21EfKPWX8JfpoNFOflcceN,Steady State,Element 115,Steady State,,409,mp3,Steady State/Steady State/Element 115.mp3
hgNFvzkb4r6zoWkqgBStL5,Stefan Kaske,Mammagamma,Stefan Kaske,,213,mp3,Stefan Kaske/Stefan Kaske/Mammagamma.mp3
ICaUcTJrhFW6fUIAbZ6gPV,Stefan Obermaier,This Vibe,Stefan Obermaier,,269,mp3,Stefan Obermaier/Stefan Obermaier/This Vibe.mp3
hGfyqHQBYGHO8okDTJEz8D,Steve Jablonsky,Arrival To Earth,Steve Jablonsky,,326,mp3,Steve Jablonsky/Steve Jablonsky/Arrival To Earth.mp3
vHQIOf3U6jIX8hHqn6vetP,"Stevie R feat. Master Dani, Djanan Turan",Misirlu,"Stevie R feat. Master Dani, Djanan Turan",,536,mp3,"Stevie R/Stevie R feat. Master Dani, Djanan Turan/Misirlu.mp3"
dJTONn5PP6YCLEg3uTWe5m,"STRLGHT, NIGHTCAP",SUPRA,"STRLGHT, NIGHTCAP",,139,mp3,"STRLGHT, NIGHTCAP/STRLGHT, NIGHTCAP/SUPRA.mp3"
Ul3vdgT5STEv7LsULTosNU,Stromae,Alors on danse,Stromae,,208,mp3,Stromae/Stromae/Alors on danse.mp3
Nsrqkx9kfU5JqaeaU6yla5,Styles of Beyond,"Nine Thou (OST NFS Most Wanted, Живая сталь)",Styles of Beyond,,243,mp3,"Styles of Beyond/Styles of Beyond/Nine Thou (OST NFS Most Wanted, Живая сталь).mp3"
72s1wYpSM4pTu7PSA7fgpG,Sundial Aeon,Foreign Surface,Synthesis,2021,457,mp3,Sundial Aeon/Synthesis/Foreign Surface.mp3
YU5hjHwtU0uoYjrtTeZhun,SunVox,Full Moon Night (by NightRadio),SunVox,,241,mp3,SunVox/SunVox/Full Moon Night (by NightRadio).mp3
vQId9zv5oPsaaRqb3GA47L,SuperGhostBastard,Полицейский из Бердяверли Хилз,SuperGhostBastard,,114,mp3,SuperGhostBastard/SuperGhostBastard/40 - Полицейский из Бердяверли Хилз.mp3
s8avDMwltPi2O8fyy7rma8,"Supermode, Axwell, Steve Angello",Tell Me Why,"Supermode, Axwell, Steve Angello",,173,mp3,"Supermode, Axwell, Steve Angello/Supermode, Axwell, Steve Angello/Tell Me Why.mp3"
tAbyVSft1ikLK5ML8ess5e,Survivor,Eye of the Tiger,Survivor,,223,mp3,Survivor/Survivor/Eye of the Tiger.mp3
ZPzElwKTRQLfzS7AL0W0gf,SVDDEN DEATH,Behemoth,SVDDEN DEATH,,192,mp3,SVDDEN DEATH/SVDDEN DEATH/Behemoth.mp3
RbpWV902Vzm58VELMcB9pw,SymphoBreaks,City Lights,City Lights,2025,227,mp3,SymphoBreaks/City Lights/01-01 - City Lights.mp3
qXbBPIOvdzTr00Z9XuMgGG,SymphoBreaks,Evolute,SymphoBreaks,,247,mp3,SymphoBreaks/SymphoBreaks/Evolute.mp3
0zD825vXzgGoN4F5z54ePu,SymphoBreaks,Faster,SymphoBreaks,,245,mp3,SymphoBreaks/SymphoBreaks/Faster.mp3
MRy5cf20NBHmIL1Axb7wN0,SymphoBreaks,Hyper Jam,We Are Fantastic,2024,242,mp3,SymphoBreaks/We Are Fantastic/01-02 - Hyper Jam.mp3
RCgrPSr23aEpCAH6SbV7Gb,SymphoBreaks,Like Never Before,SymphoBreaks,,241,mp3,SymphoBreaks/SymphoBreaks/Like Never Before.mp3
jb6c96ZQ9lmP7FygyZIvwz,System Of A Down,Aerials,System Of A Down,,371,mp3,System Of A Down/System Of A Down/Aerials.mp3
bRWOEkA29BMEwJgqdOpRO6,System Of A Down,Arto,System Of A Down,,371,mp3,System Of A Down/System Of A Down/11 - Arto.mp3
FouBnShpuMJ5QFrx5zYGXM,sᴜᴇᴛɴɪᴋ,Roy Jones - Roy Jones Jr. - Can t Be Touched,sᴜᴇᴛɴɪᴋ.,,214,mp3,sᴜᴇᴛɴɪᴋ/sᴜᴇᴛɴɪᴋ./Roy Jones - Roy Jones Jr. - Can t Be Touched.mp3
dqwWCenYAiv7zM8enCLXxJ,Tame Impala,Let It Happen,Tame Impala,,467,mp3,Tame Impala/Tame Impala/Let It Happen.mp3
ZNyyoK8tWj8nMzk25ScYJO,Tame Impala,The Less I Know The Better,Tame Impala,,216,mp3,Tame Impala/Tame Impala/The Less I Know The Better.mp3
LH7c7rlDr7kaQral81CL4h,"Tanir, Tyomcha",Da Da Da,"Tanir, Tyomcha",,198,mp3,"Tanir, Tyomcha/Tanir, Tyomcha/Da Da Da.mp3"
nJJTDVhMypTJ9dbT0NP2UL,Tears For Fears,Shout,Tears For Fears,,393,mp3,Tears For Fears/Tears For Fears/Shout.mp3
4QSz0krMAJGdqjIwwTHHmS,Technoboy,Into Deep (Dj Slideout Remix),Technoboy,,382,mp3,Technoboy/Technoboy/Into Deep (Dj Slideout Remix).mp3
TcmqefeJoeErX9kVc0OVEG,Teloeed,Зеленый иудей,"Dancing à gogo, Vol. 3",2015,161,mp3,"James Last/Dancing à gogo, Vol. 3/33 - Зеленый иудей.mp3"
3mnNoOOwuqPf8DkdUxPpAS,Tenca,Лев,Tenca,,186,mp3,Tenca/Tenca/Лев.mp3
CR1sy4SBp98Wwgyvbs88iY,Teriyaki Boyz,Tokyo Drift (Fast & Furious),Teriyaki Boyz,,252,mp3,Teriyaki Boyz/Teriyaki Boyz/Tokyo Drift (Fast & Furious).mp3
L1hGVqApLvWVRNy91Bu4SM,Tevvez,Legend Ψ,Tevvez,,188,mp3,Tevvez/Tevvez/Legend Ψ.mp3
oOi5izySzjDefOIl5SrJ0Y,Tha Dogg Pound,What Would U Do,Tha Dogg Pound,,310,mp3,Tha Dogg Pound/Tha Dogg Pound/What Would U Do.mp3
A82Rrptw5EFXRMpjPQN5J5,The Beatles,Revolution,The Beatles,,201,mp3,The Beatles/The Beatles/01 - Revolution.mp3
shiizw5UorDd2NY6oLSV2J,The Black Eyed Peas,Boom Boom Pow,The Black Eyed Peas,,251,mp3,The Black Eyed Peas/The Black Eyed Peas/Boom Boom Pow.mp3
mUx0ZoYqetAqK3sV021tZ0,The Black Eyed Peas,My Humps,Greatest Hits CD1,,326,mp3,The Black Eyed Peas/Greatest Hits CD1/04 - My Humps.mp3
nUccmGtaCiOCPhQwTp6Zov,The Chemical Brothers,Believe,The Chemical Brothers,,421,mp3,The Chemical Brothers/The Chemical Brothers/Believe.mp3
NTkPq0cnoggF6iDbCrHGWA,The Chemical Brothers,Hey Boy Hey Girl,The Chemical Brothers,,290,mp3,The Chemical Brothers/The Chemical Brothers/Hey Boy Hey Girl.mp3
WwiOUhcUOFABVYQaQMBmj2,The Chordettes,Mr. Sandman,The Chordettes,,144,mp3,The Chordettes/The Chordettes/Mr. Sandman.mp3
F5SFSO0XTWshJ70Rz4hJcv,The Compunist,Rhodes Chord,The Compunist,,320,mp3,The Compunist/The Compunist/Rhodes Chord.mp3
IKt5a3HV02LBt2El24c5m4,The Cranberries,Zombie,The Cranberries,,306,mp3,The Cranberries/The Cranberries/Zombie.mp3
8auMv5ELxFQxzC5nL1dJTa,The Flirts,Helpless,The Best,2012,363,mp3,The Flirts/The Best/Helpless.mp3
c7mvUv9G4S1NI35GCqngsC,The Glitch Mob,Animus Vox (Original),The Glitch Mob,,402,mp3,The Glitch Mob/The Glitch Mob/Animus Vox (Original).mp3
348sr9QAdjk9ypcVfqrJEY,The Heavy,Short Change Hero,The Heavy,,235,mp3,The Heavy/The Heavy/Short Change Hero.mp3
vy5Q498MWrWvsBsLpgIXKa,The Immortals,Techno Syndrome (Mortal Kombat),The Immortals,,205,mp3,The Immortals/The Immortals/Techno Syndrome (Mortal Kombat).mp3
I8iIDH9xJzMCb3xLgRcgke,The Kid Laroi Feat. Justin Bieber,Stay,The Kid Laroi Feat. Justin Bieber,2021,141,flac,The Kid Laroi/The Kid Laroi Feat. Justin Bieber/01-01 - Stay.flac
tMhWbvGDTI0DB9t6ocp5Qd,The Mamas & The Papas,California Dreamin',The Mamas & The Papas,,159,mp3,The Mamas & The Papas/The Mamas & The Papas/California Dreamin'.mp3
z0OU3CVf6WmUEsLfFLZLno,The Manhattan Groovers,Rockit,The Manhattan Groovers,,235,mp3,The Manhattan Groovers/The Manhattan Groovers/Rockit.mp3
D61cdSeTCPDVNLF05HLKkJ,The Oddness,Jungle Stories (DIBIDABO Remix),The Oddness,,402,mp3,The Oddness/The Oddness/41 - Jungle Stories (DIBIDABO Remix).mp3
hesgbVn0YYdLHGTuypRCyh,The Pahomdigy,SpitFufel,The Pahomdigy,,108,mp3,The Pahomdigy/The Pahomdigy/SpitFufel.mp3
pfxZNEC2zGQbvnQyMF6KS0,The Platters,Only You,The Platters,,157,mp3,The Platters/The Platters/Only You.mp3
77H5Ed5wFIbZsGF3vkIXcL,The Players Association,Turn The Music Up (12 Disco),The Players Association,,410,mp3,The Players Association/The Players Association/Turn The Music Up (12 Disco).mp3
4oK33sT86FfqTFocMfs5bL,The Police,Every Breath You Take,The Police,,255,mp3,The Police/The Police/Every Breath You Take.mp3
jWHyOlHLNF8t0poI78rwKw,The Prodigy,Breathe,The Prodigy,,334,mp3,The Prodigy/The Prodigy/Breathe.mp3
MaTdbZunEThU76gYyl5cCK,The Prodigy,Climbatize,The Prodigy,,398,mp3,The Prodigy/The Prodigy/Climbatize.mp3
4IRWGZ8HF1hN7vfpHIVKuN,The Prodigy,Firestarter,The Prodigy,,227,mp3,The Prodigy/The Prodigy/Firestarter.mp3
xrFPqUCyNVA1QuY4wQx6gu,The Prodigy,Invaders Must Die,Invaders Must Die,2009,295,mp3,The Prodigy/Invaders Must Die/Invaders Must Die.mp3
95SoTHPZAV0c37bTfYfTnE,The Prodigy,Nasty,The Prodigy,,243,mp3,The Prodigy/The Prodigy/Nasty.mp3
rEOKLmD542SBQ3relIuyoI,The Prodigy,Nasty (Zinc Remix),The Day Is My Enemy (tour edition),2015,253,mp3,The Prodigy/The Day Is My Enemy (tour edition)/02-08 - Nasty (Zinc Remix).mp3
oys1ceNO1ozVypNXvvVjs2,The Prodigy,Omen,Invaders Must Die,2009,217,mp3,The Prodigy/Invaders Must Die/Omen.mp3
Dfu4cCgx06NHJoVcMxspst,The Prodigy,Smack My Bitch Up,The Prodigy,,342,mp3,The Prodigy/The Prodigy/Smack My Bitch Up.mp3
hddlZPxPe9sA8n3w7gY2TO,The Prodigy,Spitfire,The Prodigy,,307,mp3,The Prodigy/The Prodigy/Spitfire.mp3
nHEHZ22YoBhzo0ROE9UpXN,The Prodigy,Their Law,The Prodigy,,400,mp3,The Prodigy/The Prodigy/Their Law.mp3
v8hDZ0IqxCVYb8j84X5zpV,The Prodigy,Timebomb Zone,The Prodigy,,204,mp3,The Prodigy/The Prodigy/Timebomb Zone.mp3
NokzVIa2ochvsBqcgfA5OY,The Prodigy,Voodoo People,The Prodigy,,220,mp3,The Prodigy/The Prodigy/Voodoo People.mp3
gxRfJFzBQViRCN9gWUGJDo,The Prodigy,Warrior's Dance,The Prodigy,,160,mp3,The Prodigy/The Prodigy/Warrior's Dance.mp3
fSrkxjasT6ltZLkOt2mVc0,The Pussycat Dolls,Buttons (Official Instrumental),The Pussycat Dolls,,227,mp3,The Pussycat Dolls/The Pussycat Dolls/Buttons (Official Instrumental).mp3
bpPIia6DY520eEjdn5RWXK,The Sauce,WUT,The Sauce,,274,mp3,The Sauce/The Sauce/WUT.mp3
ETMjLatavA3QpkGqtpz6nA,The Shamen,Comin' On Strong,The Shamen,,224,mp3,The Shamen/The Shamen/Comin' On Strong.mp3
MTZ1S5d5sWkV1zsPK5ogvj,The Time,Jungle Love,The Time,,208,mp3,The Time/The Time/Jungle Love.mp3
6Hm2tTr1FQLs1x0JazwcbI,The Tokens,The Lion Sleeps Tonight,The Tokens,,159,mp3,The Tokens/The Tokens/The Lion Sleeps Tonight.mp3
cbrbOZNOzOVLaqmZMoccNc,The Weeknd,Blinding Light,The Weeknd,,285,mp3,The Weeknd/The Weeknd/Blinding Light.mp3
NSEmSLiUA1kWj4j2Louo0y,The Weeknd & Kendrick Lamar,Pray For Me,The Weeknd & Kendrick Lamar,2021,211,mp3,The Weeknd & Kendrick Lamar/The Weeknd & Kendrick Lamar/Pray For Me.mp3
z94dzB2zhlEDAt6Spn3fjf,The White Buffalo,The House of The Rising Sun,The White Buffalo,2024,260,mp3,The White Buffalo/The White Buffalo/The House of The Rising Sun.mp3
16XGi7w7doFRY0k3vwMDqM,TheAlexunder7772008,take on slonik rave,TheAlexunder7772008,,115,mp3,TheAlexunder7772008/TheAlexunder7772008/22 - take on slonik rave.mp3
vvYwodhy1qymNrRf4zW8ud,TheAlexunder7772008,Битва муделей танцполов Бердянска,TheAlexunder7772008,,72,mp3,TheAlexunder7772008/TheAlexunder7772008/20 - Битва муделей танцполов Бердянска.mp3
BkRlngNcQG4JQEzJIdV8mn,TheAlexunder7772008,Бодрый зеленый слоник,TheAlexunder7772008,,148,mp3,TheAlexunder7772008/TheAlexunder7772008/14 - Бодрый зеленый слоник.mp3
v4eLjv3otwWMEHF1YDk7tS,TheAlexunder7772008,"Браток,братишка (Зеленый Слоник)",TheAlexunder7772008,,59,mp3,"TheAlexunder7772008/TheAlexunder7772008/41 - Браток,братишка (Зеленый Слоник).mp3"
9YibxgRqnJChlRQfv2In8E,TheAlexunder7772008,Зеленый разьебай,TheAlexunder7772008,,140,mp3,TheAlexunder7772008/TheAlexunder7772008/32 - Зеленый разьебай.mp3
iqtjXIln3hwP912qwiES9f,TheAlexunder7772008,Клубная девочка на колесах | MMV,TheAlexunder7772008,,152,mp3,TheAlexunder7772008/TheAlexunder7772008/13 - Клубная девочка на колесах | MMV.mp3
T6feDRJlE6Ibtvk6MSKKut,TheAlexunder7772008,полкоооооо! зеленый слоник Hardstyle MMV,TheAlexunder7772008,,102,mp3,TheAlexunder7772008/TheAlexunder7772008/12 - полкоооооо! зеленый слоник Hardstyle MMV.mp3
P6BnMln4tfK1DyXsnff26x,TheAlexunder7772008 feat CASUNG BRO,Грузовики | MMV зеленый слоник,TheAlexunder7772008 feat CASUNG BRO,,117,mp3,TheAlexunder7772008 feat  CASUNG BRO/TheAlexunder7772008 feat CASUNG BRO/21 - Грузовики | MMV зеленый слоник.mp3
Hdo8NJBMBdGTWQVJBJVntL,ThejohnramborockyIP,Два веселых фуфела - зеленый слоник | MMV,ThejohnramborockyIP,,88,mp3,ThejohnramborockyIP/ThejohnramborockyIP/29 - Два веселых фуфела - зеленый слоник | MMV.mp3
Y50oRY8QfFLuDFbqZ6Otwt,ThejohnramborockyIP,Зеленый слоник. 18 мне уже,ThejohnramborockyIP,,100,mp3,ThejohnramborockyIP/ThejohnramborockyIP/27 - Зеленый слоник. 18 мне уже.mp3
0cbc3klqI8MB84WggDEyGa,ThejohnramborockyIP,Поехавшая пати,ThejohnramborockyIP,,137,mp3,ThejohnramborockyIP/ThejohnramborockyIP/30 - Поехавшая пати.mp3
wO5JaYIb7fyAjPL2BLXDk3,ThejohnramborockyIP,Слоновый рок н ролл | MMV,ThejohnramborockyIP,,104,mp3,ThejohnramborockyIP/ThejohnramborockyIP/11 - Слоновый рок н ролл | MMV.mp3
glRDgZWJeWr3qp4C7cYcId,ThejohnramborockyIP,"Фуфлыжный кодекс - До свиданья, фуфел ¦ MMV",ThejohnramborockyIP,,209,mp3,"ThejohnramborockyIP/ThejohnramborockyIP/05 - Фуфлыжный кодекс - До свиданья, фуфел ¦ MMV.mp3"
dgU9DtTzvJZkJkHbixR3qe,Three Days Grace,World So Cold,Three Days Grace,,242,mp3,Three Days Grace/Three Days Grace/World So Cold.mp3
13zWov4JmxACAteHqHfaFu,Tim Waits,Wired,Tim Waits,,154,mp3,Tim Waits/Tim Waits/Wired.mp3
Yxx0sBlCE5r9rj3EWIfMwg,Timati feat. Snoop Dogg,Groove On,Timati feat. Snoop Dogg,,232,mp3,Timati/Timati feat. Snoop Dogg/Groove On.mp3
EFn5sJNBtPPGESkcU6GVJB,Timbaland,Give It To Me,Timbaland,2008,234,mp3,Timbaland/Timbaland/Give It To Me.mp3
4tlAHhvDIHQt7ieLu45YLM,Timecop1983,Dark Days,Timecop1983,,321,mp3,Timecop1983/Timecop1983/Dark Days.mp3
gJuoYq1jJSslJeJoM7bwbj,Timecop1983,On the Run,Timecop1983,,300,mp3,Timecop1983/Timecop1983/On the Run.mp3
49GKhhOj1sCu8Tesn7f0gn,Tina Turner,The Best,Tina Turner,,333,mp3,Tina Turner/Tina Turner/The Best.mp3
Yvgjj2e6HytkjBPSDUX82j,Tokyo Ghoul,Unravel,Tokyo Ghoul,,237,mp3,Tokyo Ghoul/Tokyo Ghoul/Unravel.mp3
R27fvdVIJBUZXEv9ZGGJFf,TOKYOPHILE,Montagem Lunar Celestia 1.0,TOKYOPHILE,2024,97,mp3,TOKYOPHILE/TOKYOPHILE/01-01 - Montagem Lunar Celestia 1.0.mp3
liSlek75CyuOlfd55AdudM,Tomoko Tane,Broken Wings,Tomoko Tane,,226,mp3,Tomoko Tane/Tomoko Tane/Broken Wings.mp3
Mws2s3ars80idlPT0nrM1a,Tomoyasu Hotei,Battle Without Honor or Humanity (OST Убить Билла 1),Tomoyasu Hotei,,148,mp3,Tomoyasu Hotei/Tomoyasu Hotei/Battle Without Honor or Humanity (OST Убить Билла 1).mp3
CwU06UHiViyysDODUZszOV,Tomsize & Simeon,Jump,Tomsize & Simeon,,205,mp3,Tomsize & Simeon/Tomsize & Simeon/Jump.mp3
oQCQMYDoRd0WWhpcYUS5eY,Tony Igy,Astronomia (Radio Edit),Tony Igy,,207,mp3,Tony Igy/Tony Igy/Astronomia (Radio Edit).mp3
oeaS17y6lQ9sIB9015m1Jt,Toto,Africa,Toto,,261,mp3,Toto/Toto/Africa.mp3
tx9qOWa8AHR3uEF62qoLzA,Toto,Hold the Line,Toto,,211,mp3,Toto/Toto/Hold the Line.mp3
yEqJEgghEDT4UkM4fAnOBh,Toto,Rosanna,Toto,,329,mp3,Toto/Toto/Rosanna.mp3
V85buKHIvJEgs3YGSHMc7W,Trancemaster File,Dead Can Trance,Trancemaster File,,209,mp3,Trancemaster File/Trancemaster File/Dead Can Trance.mp3
uRb75T0iOJkoa383obIi0U,Tranceparence,Sadness Part 2,Tranceparence,,264,mp3,Tranceparence/Tranceparence/Sadness Part 2.mp3
WaeurIZqVPZa6hJd1l7Sxt,Trans-X,Living On Video,Trans-X,,354,mp3,Trans-X/Trans-X/Living On Video.mp3
yM6E1NdwhYFiu92RlWG1IP,trapademic feat. skale,e - tron - the bomvshell,trapademic feat. skale,,130,mp3,trapademic/trapademic feat. skale/e - tron - the bomvshell.mp3
VuRF4mD4zqmZD1nAjSrWLL,TRASHXRL & Mc Delux,Orquestra Maldita,TRASHXRL & Mc Delux,,119,mp3,TRASHXRL & Mc Delux/TRASHXRL & Mc Delux/Orquestra Maldita.mp3
Qs6TWOn6jEfhjRKMTi6Bs6,Trevor Morris,Rus Attack Discovered,Trevor Morris,,194,mp3,Trevor Morris/Trevor Morris/Rus Attack Discovered.mp3
bLpx8HeFPTTczrBdJ5Wc9f,Truncate,Wave 1,Truncate,,315,mp3,Truncate/Truncate/Wave 1.mp3
GJb9FsLb6L1sycertZVIse,Tuccillo,Magari,Tuccillo,,467,mp3,Tuccillo/Tuccillo/Magari.mp3
SozNIUFg8Hc5kbIwrSA1iY,Tuff,I Hate Kissing You Good-Bye,Tuff,,260,mp3,Tuff/Tuff/I Hate Kissing You Good-Bye.mp3
y3Ah3q9WrNUUk8C4QmHWPU,Twelwe,Fragaria,Twelwe,,345,mp3,Twelwe/Twelwe/Fragaria.mp3
k8LY5obXbWD3ycOCL3ztOQ,Twisted Sister,I Wanna Rock,Twisted Sister,,179,mp3,Twisted Sister/Twisted Sister/I Wanna Rock.mp3
yb7o0RJCpPzbyYa91lEsVJ,twocolors,Lovefool,twocolors,,190,mp3,twocolors/twocolors/Lovefool.mp3
qdwssmPuz679TOsNDjhyrS,Twoxi & Poletay,Kiss the Night,Twoxi & Poletay,,141,mp3,Twoxi & Poletay/Twoxi & Poletay/Kiss the Night.mp3
x4TOCRRSMFp5cDUHBDlD8M,Tyconic,Driftliner,Tyconic,,253,mp3,Tyconic/Tyconic/Driftliner.mp3
X0rDUcPHmMyT4e1sVbaFqW,Tyconic,Subsystem,Subsystem,2021,244,mp3,Tyconic/Subsystem/01-01 - Subsystem.mp3
8GlNKm1vQBec0MCbqDU4A9,Tyga,Ayy Macarena,Tyga,,131,mp3,Tyga/Tyga/Ayy Macarena.mp3
aXgZwHQWkbpVDKzDbCGNdL,Tyga,Love T-Raww,187,2014,194,mp3,Tyga/187/64 - Love T-Raww.mp3
jLlB6z95FySD7MKzLEfd6i,U.T.L.,I' m finished,U.T.L.,,401,mp3,U.T.L./U.T.L./I' m finished.mp3
C3Xm4ifqPLeTKOj2gGd34U,Uhn Tiss Uhn Tiss Uhm Tiss Uhn Tiss,Uhn Tiss Uhn Tiss Uhm Tiss Uhn Tiss,Uhn Tiss Uhn Tiss Uhm Tiss Uhn Tiss,2010,260,flac,Bloodhound Gang/Uhn Tiss Uhn Tiss Uhm Tiss Uhn Tiss/01-11 - Uhn Tiss Uhn Tiss Uhm Tiss Uhn Tiss.flac
gpSFlzYGFsJFs9lWMSQX4q,Underworld,Moaner,Underworld,,458,mp3,Underworld/Underworld/Moaner.mp3
uEKbsD7Mj14qwHzf7vkCjE,Underworld,Push Upstairs,Underworld,,274,mp3,Underworld/Underworld/Push Upstairs.mp3
gyEObq9kDoBS1i7upNTQsB,uniqe & ARTEM SHILOVETS,ГЛАМУР,uniqe & ARTEM SHILOVETS,2024,188,mp3,uniqe & ARTEM SHILOVETS/uniqe & ARTEM SHILOVETS/ГЛАМУР.mp3
FW5QN3Bg6RgRluSta2773S,Unknown Brain feat. M.I.M.E,War Zone,Unknown Brain feat. M.I.M.E,,183,mp3,Unknown Brain/Unknown Brain feat. M.I.M.E/War Zone.mp3
CqBroznTy1qk7dQr8tdPFm,Unknown Brain feat. Marvin Divine,MATAFAKA,Unknown Brain feat. Marvin Divine,,197,mp3,Unknown Brain/Unknown Brain feat. Marvin Divine/MATAFAKA.mp3
QRzFgPjCbwyLG8bdQqE8in,"Unknown Brain, Dax, Hoober, Vindon",Phenomenon,"Unknown Brain, Dax, Hoober, Vindon",,176,mp3,"Unknown Brain, Dax, Hoober, Vindon/Unknown Brain, Dax, Hoober, Vindon/Phenomenon.mp3"
BOaBWxphoPt2FxVR1NFg7V,Unknown.Beat,Under My Skin,2014,2022,130,mp3,Unknown.Beat/2014/01-14 - Under My Skin.mp3
Rpfa4gSQiJ0sKZ3wEUxPeX,uravnabeshen,Twilight,uravnabeshen,,147,mp3,uravnabeshen/uravnabeshen/Twilight.mp3
SmY9O7tUqfgUULRhea2kzv,"Usher feat. Lil Jon, Ludacris",Yeah!,"Usher feat. Lil Jon, Ludacris",,250,mp3,"Usher/Usher feat. Lil Jon, Ludacris/Yeah!.mp3"
Iov8Di8nUvJtseyRDKzCfT,V5,起初......,起初......,2024,125,mp3,V5/起初....../48 - 起初.......mp3
YhQ6U2bSPyeyexQoC78Z9j,Vacuum,I Breathe,Vacuum,,277,mp3,Vacuum/Vacuum/I Breathe.mp3
K5OGFSLNGDRJkEzX6PqD4G,VAEROS,Wind,VAEROS,,185,mp3,VAEROS/VAEROS/Wind.mp3
Tq8FbyeL1YK3TEavT7HMFz,Vahue,Strange,Vahue,,100,mp3,Vahue/Vahue/Strange.mp3
E3RGh4GuaVDth59SpZGL6E,Valery Afanassiev,"Piano Sonata No. 8 in C Minor, Op. 13 ""Pathetique"": Piano Sonata No. 8 in C Minor, Op. 13 ""Pathetique"": I. Grave; Allegro di molto e con brio",Valery Afanassiev,,673,mp3,"Valery Afanassiev/Valery Afanassiev/50 - Piano Sonata No. 8 in C Minor, Op. 13 ""Pathetique"": Piano Sonata No. 8 in C Minor, Op. 13 ""Pathetique"": I. Grave; Allegro di molto e con brio.mp3"
MbsPpxlFMOBVDj9IxNxcLt,valtovich,Зелёный слоник vs Daft Punk,"Musique, Vol. 1",2006,92,mp3,"Daft Punk/Musique, Vol. 1/07 - Зелёный слоник vs Daft Punk.mp3"
YBUnaQP1cnqjcGJA7rFLw9,Van Halen,Jump,Best of Volume 1,1996,239,mp3,Van Halen/Best of Volume 1/54 - Jump.mp3
l1fZLaq1PSPywIYu1G73s3,Vangelis,Chariots Of Fire,Vangelis,,211,mp3,Vangelis/Vangelis/Chariots Of Fire.mp3
QOwzlIszXaGf1Qv0wKVZmF,Vangelis,La petite fille de la mer,Vangelis,,354,mp3,Vangelis/Vangelis/La petite fille de la mer.mp3
DzIdnL1hlCTShBmg4J5JG5,Vanilla Ice,Ice Ice Baby,Vanilla Ice,,270,mp3,Vanilla Ice/Vanilla Ice/Ice Ice Baby.mp3
xzR15rGw3XGbuviDNnh9FW,VEIGEL,Прощай,Прощай,2024,160,mp3,VEIGEL/Прощай/55 - Прощай.mp3
aRyZOskvdmajWj4gIQCIku,VEL94EV,Everybody,VEL94EV,,113,mp3,VEL94EV/VEL94EV/Everybody.mp3
hg9f9vSGJhSEYMCNcyGdnI,VEL94EV,Mind Lost,VEL94EV,,125,mp3,VEL94EV/VEL94EV/Mind Lost.mp3
ZCgwTo0TWHXsFYP84HjZfb,VEL94EV,Number One,Number One,2022,183,mp3,VEL94EV/Number One/01-01 - Number One.mp3
Vccr4x939Fz7v7L4J2U2aX,VEL94EV,Phonk Motive (Voxless Mix),Phonk Motive,2025,148,mp3,VEL94EV/Phonk Motive/Phonk Motive (Voxless Mix).mp3
ZoNTLSlSPPhJ3evTkMsNZC,VEL94EV,Retro Flow,Retro Flow,2023,153,mp3,VEL94EV/Retro Flow/01-01 - Retro Flow.mp3
8iOL5HwqDkPGEaOyBI5uPg,VEL94EV,Super Ego,VEL94EV,,150,mp3,VEL94EV/VEL94EV/Super Ego.mp3
fSnAv31qQavpGDS2ZmWDE8,Vendex,Sanguine Fountain,Vendex,,374,mp3,Vendex/Vendex/Sanguine Fountain.mp3
pHDrCVnnjOAit3oVE9wJNY,Veronika Fleyta,Takoe (Original Mix),Veronika Fleyta,,446,mp3,Veronika Fleyta/Veronika Fleyta/Takoe (Original Mix).mp3
qzRtKgnSz1XmzSrdrQ6nSr,Viki Show,Просто,Просто,2018,228,mp3,Viki Show/Просто/Просто.mp3
Hr1d4jTPYXQNmSIfEDJCOy,Village People,YMCA,Village People,,286,mp3,Village People/Village People/YMCA.mp3
D9bdTZGxzq4HXxo3swH6Rv,VISXGE,IMMACULATE (slowed & reverb),VISXGE,,162,mp3,VISXGE/VISXGE/45 - IMMACULATE (slowed & reverb).mp3
Q1Lf9YpS1VnlkJpDlrnt2a,Vivaldi,Spring,Vivaldi,,220,mp3,Vivaldi/Vivaldi/Spring.mp3
8UU48D1S8w9ayQo4PyCgUT,vivicoxy feat. Рома Желудь,Порево,vivicoxy feat. Рома Желудь,2020,161,mp3,Vivicoxy/vivicoxy feat. Рома Желудь/Порево.mp3
NSdk3HTuO2u8y9KCffNjJa,Volcano & Faders,Real Magic (Original Mix),Volcano & Faders,,491,mp3,Volcano & Faders/Volcano & Faders/Real Magic (Original Mix).mp3
zU3ySjQeHYcUMBFScjgei5,Von Thronstahl,We Walk In Line,Von Thronstahl,,286,mp3,Von Thronstahl/Von Thronstahl/We Walk In Line.mp3
0I11uIHqCec6vRW6OwQ8Eh,Wallem,Харизма,Харизма,2024,136,mp3,Wallem/Харизма/Харизма.mp3
HgTJlin60XBjt9hgz1ZUFq,Wang Rong Rolling,Chick. Chick,Wang Rong Rolling,,212,mp3,Wang Rong Rolling/Wang Rong Rolling/Chick. Chick.mp3
NB7cavvAveypgHb5t6bszk,Warrant,Cherry Pie,Warrant,,198,mp3,Warrant/Warrant/Cherry Pie.mp3
018BRBlgEi6I50ipZaI2JC,Warrant,Down Boys,Warrant,,243,mp3,Warrant/Warrant/Down Boys.mp3
EFUzWkxvR3Y1aeT5eBEXkU,Warriyo,Mortals,Warriyo,,228,mp3,Warriyo/Warriyo/Mortals.mp3
bjuxEfHRznTJkYngSLxW2H,We Will Rock You (Fast),We Will Rock You (Fast),We Will Rock You (Fast),2004,197,mp3,We Will Rock You (Fast)/We Will Rock You (Fast)/01-03 - We Will Rock You (Fast).mp3
paARzpbIpB9L19fk3am5Nt,Wels,Nxsty Blood,Wels,2023,142,mp3,Wels/Wels/01-02 - Nxsty Blood.mp3
69A5VOZO8w0pHFxpK7ARBs,whaTaRWoll Music,ComeBack Trap Beat,whaTaRWoll Music,,212,mp3,whaTaRWoll Music/whaTaRWoll Music/ComeBack Trap Beat.mp3
S29T2hymaqSrGTZCbnEcS3,WhiteL,Лекция товарища капитана ( Это знать надо! Это классика! ),WhiteL,,104,mp3,WhiteL/WhiteL/51 - Лекция товарища капитана ( Это знать надо! Это классика! ).mp3
cYjkFHyrmEolE6D0Du3uEx,Whitney Houston,I Will Always Love You,Whitney Houston,,263,mp3,Whitney Houston/Whitney Houston/I Will Always Love You.mp3
JhQAlSe8tkq0Ihket7nXKK,Winifred Atwell,The Black And White Rag,Winifred Atwell,2019,150,mp3,Winifred Atwell/Winifred Atwell/The Black And White Rag.mp3
6zwbvcWzBIzEyJ6sB3PFDd,Wiz Khalifa,Black And Yellow,Wiz Khalifa,,218,mp3,Wiz Khalifa/Wiz Khalifa/Black And Yellow.mp3
Jo7Z5fRaYh27onXXoSHLiE,Wizard,Fleet,Wizard,,248,mp3,Wizard/Wizard/Fleet.mp3
0rPeyOynpfrwCR2dQzCuLg,Wizard Scizzahz,Burn,Wizard Scizzahz,,169,mp3,Wizard Scizzahz/Wizard Scizzahz/Burn.mp3
BtnuRNJjkHmgt4AJCHX9lv,Workout Rendez-Vous,Rhythm Is a Dancer,Workout Rendez-Vous,,205,mp3,Workout Rendez-Vous/Workout Rendez-Vous/Rhythm Is a Dancer.mp3
72BFeFALncwvu43Mgd5RkD,WUYS,GOAT,WUYS,,149,mp3,WUYS/WUYS/GOAT.mp3
mYIXs0nxjgHsb7xqygUqHe,WXLD PLAYA,DEMON IN MY SOUL,WXLD PLAYA,,84,mp3,WXLD PLAYA/WXLD PLAYA/DEMON IN MY SOUL.mp3
t2CohT6TT0E1vuty28XHi7,XING KONG,Timmy Trumpet & Savage - Freaks (XING KONG Bass Boosted Edit),XING KONG,,302,mp3,XING KONG/XING KONG/Timmy Trumpet & Savage - Freaks (XING KONG Bass Boosted Edit).mp3
vQWQTBk0EEB0YXnjZ7pQzd,"XS Project, GSPD",Techno Baby,"XS Project, GSPD",,196,mp3,"XS Project, GSPD/XS Project, GSPD/Techno Baby.mp3"
sHqtAPXxNSGng3nEU1M5Lk,Yazoo,Don't Go,Yazoo,,176,mp3,Yazoo/Yazoo/Don't Go.mp3
9xElXrW18R9qzZFloF4App,Yello,Oh Yeah,Yello,,185,mp3,Yello/Yello/Oh Yeah.mp3
3Ay5zaDlReIBCygU8hkjpf,Yestermorrow,Building Realities,Yestermorrow,,414,mp3,Yestermorrow/Yestermorrow/Building Realities.mp3
7bgLYf2CTkNAZh4GLr5l9k,Yestermorrow,Just Amazing,Yestermorrow,,439,mp3,Yestermorrow/Yestermorrow/Just Amazing.mp3
3TytzSNdw5b1wf9cE8omd7,Ylvis,The Fox (What Does the Fox Say?),Now That’s What I Call Music! 86,2013,212,flac,Various Artists/Now That’s What I Call Music! 86/02-22 - The Fox (What Does the Fox Say?).flac
NuztSxrT7ydndiWzZ36ZiP,Yooplaya,Psycho Cruise Dgb Z,Yooplaya,,85,mp3,Yooplaya/Yooplaya/Psycho Cruise Dgb Z.mp3
78sfhMFwTjy7aMDgddHKO2,Youssou N'Dour feat. Neneh Cherry,7 Seconds,Youssou N'Dour feat. Neneh Cherry,,305,mp3,Youssou N'Dour/Youssou N'Dour feat. Neneh Cherry/7 Seconds.mp3
eATyFyouHxMvB9cvAmtsyG,Yuli Kora,"Я скакала, плясала",Yuli Kora,,159,mp3,"Yuli Kora/Yuli Kora/Я скакала, плясала.mp3"
rrlFYZpdsEoBGOTywSHoKC,Zak Rush,Freefall,Freefall,2016,488,mp3,Zak Rush/Freefall/01-01 - Freefall.mp3
7pKlbBIgJBasgXZ1IOtqU1,Zardonic,Bring It On (feat. Mikey Rukus),Zardonic,,194,mp3,Zardonic/Zardonic/Bring It On (feat. Mikey Rukus).mp3
m8vfMErvzYt5elgcwTTgoY,Zlad,Elektronik Supersonik,Zlad,,175,mp3,Zlad/Zlad/Elektronik Supersonik.mp3
jX3iPB3BjIBqbClnpBX99z,Zombie Nation,Kenkraft 400 (Stadium Chant Mix),Zombie Nation,,226,mp3,Zombie Nation/Zombie Nation/Kenkraft 400 (Stadium Chant Mix).mp3
Rz7x3DtpC1NJSiPTevHIAd,Александр Буйнов,ВДВ с неба привет,Александр Буйнов,,175,mp3,Александр Буйнов/Александр Буйнов/ВДВ с неба привет.mp3
unSqv6YtnKkMTCWU0Q04Ky,Александр Ревва,Гиги за шаги,Александр Ревва,,26,mp3,Александр Ревва/Александр Ревва/Гиги за шаги.mp3
RqMJ1u3luRpzvN3t0fvVTR,Александр Рыбаков,Extreme Stunts,Александр Рыбаков,,194,mp3,Александр Рыбаков/Александр Рыбаков/Extreme Stunts.mp3
appjocCdCfiedEe7kql3jO,Алина Фэлдман и Алан Шум,இ Клабик-крабик,Алина Фэлдман и Алан Шум,,246,mp3,Алина Фэлдман и Алан Шум/Алина Фэлдман и Алан Шум/இ Клабик-крабик.mp3
hwFuYMRNs9fmDFQajLpU23,Альбина Сексова,Мур-мур-мур,Альбина Сексова,,141,mp3,Альбина Сексова/Альбина Сексова/Мур-мур-мур.mp3
VxnEZKx2KbZTO651yv1Spz,Альбина Сексова,Свобода и успех,Альбина Сексова,,213,mp3,Альбина Сексова/Альбина Сексова/Свобода и успех.mp3
UcW8RMQogJkV1eQRmLTL0G,Ария,Мессия,Армагеддон (Перезагрузка),2020,279,mp3,Ария/Армагеддон (Перезагрузка)/Мессия.mp3
1F8c3KXcW7Q0o8wcX3Ryu1,Артур Пирожков,Чика,Артур Пирожков,,217,mp3,Артур Пирожков/Артур Пирожков/Чика.mp3
5wYJnWQNN0xuG7BLLsC3BQ,Бах,Сюита №2 - Капелла Истраполитана - д. Р.Эдлингер - Сюита №2,Бах,,80,mp3,Бах/Бах/Сюита №2 - Капелла Истраполитана - д. Р.Эдлингер - Сюита №2.mp3
I61LZznAJpbJHVWN6FmYjl,Бетховен,К Элизе - Лунная соната - Д. Томсич (фортепиано) - К Элизе,Бетховен,,195,mp3,Бетховен/Бетховен/К Элизе - Лунная соната - Д. Томсич (фортепиано) - К Элизе.mp3
oNLC3dGQigP1hebjsdD0nU,Бетховен,Симфония №5 - Д. Томсич (фортепиано) - Симфония №5,Бетховен,,468,mp3,Бетховен/Бетховен/Симфония №5 - Д. Томсич (фортепиано) - Симфония №5.mp3
ryOiM5mWrBl97anTZEgp6k,Би-2,Полковнику никто не пишет,Би-2,2000,292,mp3,Би-2/Би-2/Полковнику никто не пишет.mp3
sFOflWlrmBfesBzrd0vLAb,Бобков,Children of durdom,Бобков,,92,mp3,Бобков/Бобков/24 - Children of durdom.mp3
khgjLcY9qrBYkBlot46omF,Бобков,Pahomdigy - Smack my fufel up,Бобков,,119,mp3,Бобков/Бобков/Pahomdigy - Smack my fufel up.mp3
X7EAkuFRcteZSFUZAqaejW,Бобков,Охотники за слониками (Зелёный Слоник),Бобков,,200,mp3,Бобков/Бобков/06 - Охотники за слониками (Зелёный Слоник).mp3
ArLR5b5xMlXFjwkRM8pTTi,Борис Америка,Стыдно,Борис Америка,,194,mp3,Борис Америка/Борис Америка/Стыдно.mp3
dk4u5Q2JnzqRGbQgvQ3EaM,Борис Моисеев,Дитя порока (1994) (В.Сигал - В.Сигал),Борис Моисеев,,178,mp3,Борис Моисеев/Борис Моисеев/Дитя порока (1994) (В.Сигал - В.Сигал).mp3
nTXWEItgn1WFt2ZKKysmIn,Борис Моисеев,Танго-кокаин,05 Борис Моисеев,,281,mp3,Борис Моисеев/05 Борис Моисеев/Танго-кокаин.mp3
C68TnQVoNuzP7OydyrmqK0,Валерий Леонтьев & Лайма Вайкуле,Вернисаж,Валерий Леонтьев & Лайма Вайкуле,,243,mp3,Валерий Леонтьев & Лайма Вайкуле/Валерий Леонтьев & Лайма Вайкуле/Вернисаж.mp3
RxotjqgFCBS4TMXDemKRw6,ВИА Сябры,"Вы шумите, березы",ВИА Сябры,,264,mp3,"ВИА Сябры/ВИА Сябры/Вы шумите, березы.mp3"
h64VLtxeaxnS6GqDn0g5ZV,Винтаж,Ева,Винтаж,,248,mp3,Винтаж/Винтаж/Ева.mp3
bZblAu48ZCqjenKObCyIxr,Винтаж,Плохая девочка,Винтаж,,216,mp3,Винтаж/Винтаж/Плохая девочка.mp3
8Q4yuirh6Oa04amvHR3Pb6,Винтаж,Роман,Винтаж,,227,mp3,Винтаж/Винтаж/Роман.mp3
SJweT1Bz6PWsqEb2HObLBS,Високосный Год,Тихий Огонёк,14. Високосный Год,,260,mp3,Високосный Год/14. Високосный Год/Тихий Огонёк.mp3
sUABpxftGVvR7GTkOjVwR6,Витас,7 Элемент,Витас,,250,mp3,Витас/Витас/7 Элемент.mp3
kQr53x9HQhkZ0c7rjz0NWH,Вова Солодков,Барабулька,Вова Солодков,,117,mp3,Вова Солодков/Вова Солодков/Барабулька.mp3
6flPQrCCunJmQOwNliTMxM,ГЕРМАН Анна (1974),Надежда,ГЕРМАН Анна (1974),,225,mp3,ГЕРМАН Анна (1974)/ГЕРМАН Анна (1974)/Надежда.mp3
Q6c5AHSAOLaF4DR2HWNV3w,Дагестанские,Москвичи,Дагестанские,,82,mp3,Дагестанские/Дагестанские/Москвичи.mp3
pcUMLM6wtawayzC5YE83YU,ДЕТИ RAVE,ТУРБО ПУШКА,ДЕТИ RAVE,,96,mp3,ДЕТИ RAVE/ДЕТИ RAVE/ТУРБО ПУШКА.mp3
LCDVU7ElQtmAnFBmnCgVwR,Дима Билан,Я твой номер один,Против правил,2008,189,mp3,Дима Билан/Против правил/Я твой номер один.mp3
BgGeEr70RW4NFS1ADzxGqT,Дискотека 80-х,Boys,Дискотека 80-х,,228,mp3,Дискотека 80-х/Дискотека 80-х/25 - Boys.mp3
GLtHDjLChdrxlutRUMgKsl,ДИСКОТЕКА ИНОПЛАНЕТЯН ПОД МОНГОЛЬСКИЙ РЕП,Tik Tok,ДИСКОТЕКА ИНОПЛАНЕТЯН ПОД МОНГОЛЬСКИЙ РЕП,,161,mp3,ДИСКОТЕКА ИНОПЛАНЕТЯН ПОД МОНГОЛЬСКИЙ РЕП/ДИСКОТЕКА ИНОПЛАНЕТЯН ПОД МОНГОЛЬСКИЙ РЕП/Tik Tok.mp3
7DIcuQaRqDMlOgeFGO3D15,Дмитрий Маликов,Ты не прячь улыбку,100 ночей,1995,286,mp3,Дмитрий Маликов/100 ночей/26 - Ты не прячь улыбку.mp3
bUJhEnIx7IBf6sxFVI3mBN,ЕГОР КРИД,Love is,ЕГОР КРИД,,162,mp3,ЕГОР КРИД/ЕГОР КРИД/Love is.mp3
a5F3KqFhLjFdG0qEz7SBU3,ЕГОР КРИД,Потрачу,ЕГОР КРИД,,184,mp3,ЕГОР КРИД/ЕГОР КРИД/Потрачу.mp3
yRAG5Rg2vJZODd1kXaayYb,Зеленый Слоник,Battlefield,Зеленый Слоник,,132,mp3,Зеленый Слоник/Зеленый Слоник/Battlefield.mp3
O84wRAftKcuxQIq6rdte9T,Зеленый Слоник,"Эх,яблочко",Зеленый Слоник,,212,mp3,"Зеленый Слоник/Зеленый Слоник/Эх,яблочко.mp3"
nLb1I9fc3skd2LcwGndqYP,Земляне,Трава у дома,Земляне,,291,mp3,Земляне/Земляне/Трава у дома.mp3
NTXjtx758k8udbjqVndvoc,Игорь Вихорьков,Красный шлямбр,Игорь Вихорьков,,124,mp3,Игорь Вихорьков/Игорь Вихорьков/Красный шлямбр.mp3
jZFXSkTrVMRIWYtQ4OcCNa,Игорь Вихорьков,Обоссаная тряпка,Игорь Вихорьков,,76,mp3,Игорь Вихорьков/Игорь Вихорьков/Обоссаная тряпка.mp3
jf9mN6SeZafFFscD5dxMwj,Игорь Вихорьков,Ты шлюха не моя (Cover 80x),Игорь Вихорьков,,135,mp3,Игорь Вихорьков/Игорь Вихорьков/Ты шлюха не моя (Cover 80x).mp3
pNKq8zyz2T8tNyFyaBZVfm,Игорь Корнелюк,"Город, которого нет",Песни из фильмов,2010,254,mp3,"Игорь Корнелюк/Песни из фильмов/Город, которого нет.mp3"
KJRPlXNSdOQ3wiKXPJpGAI,Игорь Николаев,Мельница (1986),Игорь Николаев,,185,mp3,Игорь Николаев/Игорь Николаев/Мельница (1986).mp3
e324ZmVfrmWEE5Oap2eJHX,Игорь Николаев,Незнакомка,Игорь Николаев,,239,mp3,Игорь Николаев/Игорь Николаев/Незнакомка.mp3
j4sAkJmvo8OwDHI1AmrFjk,Игорь Николаев,Прости и отпусти,Игорь Николаев,,303,mp3,Игорь Николаев/Игорь Николаев/Прости и отпусти.mp3
JqwQLHwq7ZfZ25SQ3oxqVB,Игорь Николаев,Пять причин,Игорь Николаев,,200,mp3,Игорь Николаев/Игорь Николаев/Пять причин.mp3
7djfNgCvM9HaIeTxZVCRqe,Игорь Николаев и Наташа Королева,Дельфин и Русалка,Игорь Николаев и Наташа Королева,,208,mp3,Игорь Николаев и Наташа Королева/Игорь Николаев и Наташа Королева/Дельфин и Русалка.mp3
AfXiLrp0GbHxDM57VZm9pz,иКс DA,ЗС Когда ребята уходили,Когда мы были молодыми,2016,152,mp3,Руки Вверх/Когда мы были молодыми/34 - ЗС Когда ребята уходили.mp3
rBfX0HPKUhRiJRWN1x7o5S,Инь Гуан,Маомаоге,Инь Гуан,,155,mp3,Инь Гуан/Инь Гуан/Маомаоге.mp3
NUCEkVek6JQPQ9zHqPB5Ug,Ирина Отиева,Последняя поэма,Ангелочек мой,2001,217,mp3,Ирина Отиева/Ангелочек мой/Последняя поэма.mp3
sRURT61HSpqJlkjGR5rvIR,Кар-Мэн,"Лондон, гуд бай",Кар-Мэн,,328,mp3,"Кар-Мэн/Кар-Мэн/Лондон, гуд бай.mp3"
cAgMvbgxRV4fBlWXY6njhT,Кар-Мэн,Сан-Франциско,Кар-Мэн,,291,mp3,Кар-Мэн/Кар-Мэн/Сан-Франциско.mp3
BxhIXlnBgT8fOufSx5otrW,Кар-Мэн,Чио-чио-сан,Неизвестен,,263,mp3,Кар-Мэн/Неизвестен/Чио-чио-сан.mp3
n4yMMoWgTnZYxJYLZ06S9i,Кино,Группа крови,Легенда,2018,239,mp3,Кино/Легенда/Группа крови.mp3
8zMj61M0wyazKjSVoJPhJk,Клубняк от Windows,Клубняк от Windows,Клубняк от Windows,,330,mp3,Клубняк от Windows/Клубняк от Windows/Клубняк от Windows.mp3
yD1RheN1rbUVmzAjYUwWJu,Комбинация,American Boy,Комбинация,,283,mp3,Комбинация/Комбинация/American Boy.mp3
oROzhxQIMvAQKkX0cvJwRk,Комбинация,Russian Girls,Комбинация,,299,mp3,Комбинация/Комбинация/Russian Girls.mp3
Qcp0ffClo39STrWxMConZn,Комбинация,Бухгалтер,Комбинация,,271,mp3,Комбинация/Комбинация/Бухгалтер.mp3
CQx1aTlLQ6Jk0ybIC96TfF,Комиссар,Ты уйдёшь,Комиссар,,308,mp3,Комиссар/Комиссар/Ты уйдёшь.mp3
b8sHxRunW79BtTu3SPNkZO,Крис Кельми,Ночное рандеву,Крис Кельми,,272,mp3,Крис Кельми/Крис Кельми/Ночное рандеву.mp3
HiGrFZBfgmroC7JkxV2x7e,Лариса Долина,Обижаюсь,Лариса Долина,,201,mp3,Лариса Долина/Лариса Долина/Обижаюсь.mp3
CqG4JGs9tH0oc1enxRohX6,Ласковый май,Розовые розы,Ласковый май,,286,mp3,Ласковый май/Ласковый май/Розовые розы.mp3
8pts4oceXzqJjabmiN7BMj,"лес, прогулка, или день",Музыка для РПГ Путешествие,"лес, прогулка, или день",,301,mp3,"лес, прогулка, или день/лес, прогулка, или день/Музыка для РПГ Путешествие.mp3"
lF04q8PMCzzs8NvVQ6vXKl,лучнадежды,Ночные движи,Ночные движи,2024,162,mp3,лучнадежды/Ночные движи/01-01 - Ночные движи.mp3
jcpDv3mU9b4O9nsKuHxDYz,Лучший флейтист во вселеной,My Heart Will Go On - флейта edition,Лучший флейтист во вселеной,,256,mp3,Лучший флейтист во вселеной/Лучший флейтист во вселеной/My Heart Will Go On - флейта edition.mp3
Trex9jngMl65eznkfx2HKz,Мао Цзэ Дун,Китайская Коммунистическая Песня,Мао Цзэ Дун,,253,mp3,Мао Цзэ Дун/Мао Цзэ Дун/Китайская Коммунистическая Песня.mp3
OKxKixLPkzhvywIjvNnJYN,Мендельсон,Свадебный марш - Лондонский фестивальный оркестр - д. А.Шольц - Свадебный марш,Мендельсон,,286,mp3,Мендельсон/Мендельсон/Свадебный марш - Лондонский фестивальный оркестр - д. А.Шольц - Свадебный марш.mp3
fTXdHOlxlwLrDZFZHFugEw,Михаил Бобков,Pahomdigy- Voodoo Slonik (Remake),Михаил Бобков,,386,mp3,Михаил Бобков/Михаил Бобков/Pahomdigy- Voodoo Slonik (Remake).mp3
VWTbea5DS6JzapTkr9F2Q6,Михаил Бобков,The Pahomdigy - Fireslonik,Михаил Бобков,,130,mp3,Михаил Бобков/Михаил Бобков/The Pahomdigy - Fireslonik.mp3
GpTThFZ7HUhrzYtmTiqetX,Михаил Боярский,Зеленоглазое такси,Михаил Боярский,,318,mp3,Михаил Боярский/Михаил Боярский/Зеленоглазое такси.mp3
a43me8kch4DAPivQXQdtUE,Михаил Шелег,Говновоз,Михаил Шелег,,312,mp3,Михаил Шелег/Михаил Шелег/Говновоз.mp3
Wg8W7RG60RSWL2vvk7EdDM,Монеточка,Нимфоманка,Монеточка,,160,mp3,Монеточка/Монеточка/Нимфоманка.mp3
dA2wSHIOWu57ftkjm0HNGA,Моргенштерн,Новый Мерин,Моргенштерн,,152,mp3,Моргенштерн/Моргенштерн/Новый Мерин.mp3
fLS5rRDZ98SA6h2aoRysPc,Моцарт,Маленькая ночная серенада - Европейский симфонический оркестр - Маленькая ночная серенада,Моцарт,,333,mp3,Моцарт/Моцарт/Маленькая ночная серенада - Европейский симфонический оркестр - Маленькая ночная серенада.mp3
wWuogr9DZFCR3LsMCKLZ9x,Мурат Насыров,Я это ты,Мурат Насыров,,242,mp3,Мурат Насыров/Мурат Насыров/Я это ты.mp3
rNPfE7RqI37ZR4l0c7KpRR,Мурат Тхагалегов,За тебя Калым Отдам,Мурат Тхагалегов,,202,mp3,Мурат Тхагалегов/Мурат Тхагалегов/За тебя Калым Отдам.mp3
Z0y1kT5FuM1QZk3imW1Reh,Народные танцы,Сиртаки,Народные танцы,,163,mp3,Народные танцы/Народные танцы/Сиртаки.mp3
sTGaeIk4T7iCMs7kQtb0I5,Натали,"О, Боже, какой мужчина!",Натали,,204,mp3,"Натали/Натали/О, Боже, какой мужчина!.mp3"
5kMIzGy2e3PnvPhok1wfW2,Наташа Королёва,Желтые тюльпаны,Наташа Королёва,,288,mp3,Наташа Королёва/Наташа Королёва/Желтые тюльпаны.mp3
7QL9ktZGoF8PswscEPeH9Y,Наутилус Помпилиус,Матерь богов,Наутилус Помпилиус,,261,mp3,Наутилус Помпилиус/Наутилус Помпилиус/Матерь богов.mp3
2Sy8L3jcudRzT0yxYNMpRg,Неизвестен,Без названия,Неизвестен,,122,mp3,Неизвестен/Неизвестен/Без названия.mp3
J2bagHRhXFk01qpOVx1xjR,Немецкий марш,Гимн дивизии SS,Немецкий марш,,356,mp3,Немецкий марш/Немецкий марш/Гимн дивизии SS.mp3
W1iXhhsb6qFOCskLVQjUW5,Никколо Паганини,Каприччио 1-24 - Европейский симфонический оркестр,Никколо Паганини,,289,mp3,Никколо Паганини/Никколо Паганини/Каприччио 1-24 - Европейский симфонический оркестр.mp3
49KeT7xNk1Mb1PJkSKjode,НОД,"По центру принятия Решений, на Вашингтон! (We will rock you)",НОД,,115,mp3,"НОД/НОД/По центру принятия Решений, на Вашингтон! (We will rock you).mp3"
pH68GYZ9zj6I9XbcLlkQHY,Оксана Почепа (Акула),Кислотный DJ,Оксана Почепа (Акула),,235,mp3,Оксана Почепа (Акула)/Оксана Почепа (Акула)/Кислотный DJ.mp3
b3itSGE815lu8iv97Ko5yF,Олег Газманов,Вперёд Россия (feat. Хор ФСБ),Олег Газманов,,198,mp3,Олег Газманов/Олег Газманов/Вперёд Россия (feat. Хор ФСБ).mp3
My7rAJtydcII4M71XNFZYU,Опенинг,Бакуган,Опенинг,,29,mp3,Опенинг/Опенинг/Бакуган.mp3
UagD54FD5Q4v2DRqubEBXI,"Оркестр Большого Театра СССР, Геннадий Рождественский","«Щелкунчик», соч. 71, действие II картина 3, №13, Вал","Оркестр Большого Театра СССР, Геннадий Рождественский",,381,mp3,"Оркестр Большого Театра СССР, Геннадий Рождественский/Оркестр Большого Театра СССР, Геннадий Рождественский/«Щелкунчик», соч. 71, действие II картина 3, №13, Вал.mp3"
EVkkIXxbArEzTWd4p7vzp3,Очень Высокое IQ,Порево,Съешь на память,2014,193,mp3,Очень Высокое IQ/Съешь на память/08 - Порево.mp3
YJAI2W754V0wYP9CCEJUtS,Павел Сатаненко,Господь Господь Иисус Христос,Павел Сатаненко,,209,mp3,Павел Сатаненко/Павел Сатаненко/Господь Господь Иисус Христос.mp3
XsI0WygiruHRNlP1xvf4xq,Пахом,Fireslonik,Пахом,,130,mp3,Пахом/Пахом/Fireslonik.mp3
RAPoB8Lha5VmiprYY668vv,Пахом,Красный концерт,Пахом,,116,mp3,Пахом/Пахом/Красный концерт.mp3
nShTXXCxE1aGhyFLHU4Q6V,Пахом вам перезвонит,Elefanenlied,Пахом вам перезвонит,,518,mp3,Пахом вам перезвонит/Пахом вам перезвонит/Elefanenlied.mp3
FbNntheUIE9ZRgj3fPvtaM,Пахом вам перезвонит,Дискотека (Абрикос),Пахом вам перезвонит,,515,mp3,Пахом вам перезвонит/Пахом вам перезвонит/Дискотека (Абрикос).mp3
yFtidvuOJTwAsX7O6eXa70,Пахом вам перезвонит,Звонок,Пахом вам перезвонит,,484,mp3,Пахом вам перезвонит/Пахом вам перезвонит/Звонок.mp3
7ssKZOBrlI3Qv7iOa58GE8,Пахом вам перезвонит,Некто Ой,Пахом вам перезвонит,,468,mp3,Пахом вам перезвонит/Пахом вам перезвонит/Некто Ой.mp3
K9RIT0uNptyVq407xfRHhb,Пахом вам перезвонит,Сердце,Пахом вам перезвонит,,313,mp3,Пахом вам перезвонит/Пахом вам перезвонит/Сердце.mp3
4zXX1v9GjhhHWysoUieGuQ,Пахом вам перезвонит,Смерть - яйцо,Пахом вам перезвонит,,445,mp3,Пахом вам перезвонит/Пахом вам перезвонит/Смерть - яйцо.mp3
EfL2hjUHkqIM0tg5jphPWd,Пахом вам перезвонит,Улетали к Богу,Пахом вам перезвонит,,752,mp3,Пахом вам перезвонит/Пахом вам перезвонит/Улетали к Богу.mp3
s5CJPJ5EIAQ0AZF3rloCWi,Пахом вам перезвонит,Харон говорит,Пахом вам перезвонит,,433,mp3,Пахом вам перезвонит/Пахом вам перезвонит/Харон говорит.mp3
RDpsjyMLNojTWJUfSZadxU,Пахом и Прохор,Акации,Пахом и Прохор,,225,mp3,Пахом и Прохор/Пахом и Прохор/Акации.mp3
6HDMPiYh0QehvNBqflWHKJ,Пахом и Прохор,Велопрогулка в лесу,Пахом и Прохор,,238,mp3,Пахом и Прохор/Пахом и Прохор/Велопрогулка в лесу.mp3
ZLVcegCy0nIHMaODamAE8J,Пахом и Прохор,Город солнца и ветра,Пахом и Прохор,,173,mp3,Пахом и Прохор/Пахом и Прохор/Город солнца и ветра.mp3
pCuiEc17Hd03Brkk7fFQSV,Пахом и Прохор,Правилка,Пахом и Прохор,,255,mp3,Пахом и Прохор/Пахом и Прохор/Правилка.mp3
hNzit84uLTcPjmd9q7BZjm,Пахом и Прохор,Слава весне! (слова Коля Никитин),Пахом и Прохор,,180,mp3,Пахом и Прохор/Пахом и Прохор/Слава весне! (слова Коля Никитин).mp3
GFI33Nf1USJEtDNUfbcXhL,Пахом и Прохор,Стеклянные палати,Пахом и Прохор,,263,mp3,Пахом и Прохор/Пахом и Прохор/Стеклянные палати.mp3
WrVANbGeCQl7MwnQYu4b2v,Пахом и Прохор,Холодный век,Пахом и Прохор,,208,mp3,Пахом и Прохор/Пахом и Прохор/Холодный век.mp3
PIRHEmJSO9QNkw1s5h99UX,Пахом и Прохор,Че (feat Patrick Stivens),Пахом и Прохор,,260,mp3,Пахом и Прохор/Пахом и Прохор/Че (feat Patrick Stivens).mp3
vuz0vybNv8rFHGikL9ac3G,Пахом и Прохор,"Эй, шофёр!",Пахом и Прохор,,176,mp3,"Пахом и Прохор/Пахом и Прохор/Эй, шофёр!.mp3"
T68UZzGj4Fi0KVI4FLYQZY,Песняры,ЛА ЛАЛАЛАЛ ЛА,Песняры,,221,mp3,Песняры/Песняры/ЛА ЛАЛАЛАЛ ЛА.mp3
MDh6noSbVwIHrMnuT0t5lt,Петросов Арсен,Кайфуем,Петросов Арсен,,256,mp3,Петросов Арсен/Петросов Арсен/Кайфуем.mp3
iiesig21Csxr8uJAXBwXs5,Пика,Патимейкер,Пика,,323,mp3,Пика/Пика/Патимейкер.mp3
y2RC7Yx63OJOl2e2O8GzPp,Пингвины Мадагаскара,Главная тема,Пингвины Мадагаскара,,43,mp3,Пингвины Мадагаскара/Пингвины Мадагаскара/Главная тема.mp3
RtYmMpprS72zJHRqIYvNLo,Поющие тибетские монахи,Мощное очищение. Горловое пение,Поющие тибетские монахи,,10933,mp3,Поющие тибетские монахи/Поющие тибетские монахи/Мощное очищение. Горловое пение.mp3
uHKFL1Be4QXNok8hDvUFlA,Против,Ларин,Против-,,142,mp3,Против/Против-/Ларин.mp3
hfgFIFaaxBieHxEuDSVafm,Разрушители Легенд-Мифов,Главная заставка,Разрушители Легенд-Мифов,,29,mp3,Разрушители Легенд-Мифов/Разрушители Легенд-Мифов/Главная заставка.mp3
O666iUkb7hqyM467sB7bYL,Русский фанк,Твое дело кидать мое тело,Русский фанк,,258,mp3,Русский фанк/Русский фанк/Твое дело кидать мое тело.mp3
dgMvvo9wB1Aajy29H3vIOH,Сашка Цевич,Ноябрьские мертвецы,Сашка Цевич,,149,mp3,Сашка Цевич/Сашка Цевич/Ноябрьские мертвецы.mp3
0i8JlzlzJ4P5YmrrwWVLYH,Сергей Сергеев,ахахах не ну это уже не смешно,Неизвестен,,73,mp3,Сергей Сергеев/Неизвестен/ахахах не ну это уже не смешно.mp3
GePcceXdPhXfysEPp1sXKY,Серёга,Чёрный бумер,The best of...,2006,244,mp3,Серёга/The best of.../Чёрный бумер.mp3
Zh572HvIqCamEsskUZssFT,Скриптонит,Положение (izzamusic remix) Instrumental,Скриптонит,,173,mp3,Скриптонит/Скриптонит/Положение (izzamusic remix) Instrumental.mp3
0mxJq5Dks7g2a3XDDxMINp,Скриптонит,Танцуй со мной,Скриптонит,,200,mp3,Скриптонит/Скриптонит/Танцуй со мной.mp3
YAOJATib6FNy86Fxzwzjoh,Скриптонит feat. 104,Цепи,Скриптонит feat. 104,,207,mp3,Скриптонит/Скриптонит feat. 104/Цепи.mp3
Tk8QNfiOMPO4FAZGdSL9T2,Собаки,Наруто,Собаки,,165,mp3,Собаки/Собаки/Наруто.mp3
QtXc16l64cTHQRYwfsGozH,Сокровище Монтесумы,Музыка Геймплея 1,Сокровище Монтесумы,,164,mp3,Сокровище Монтесумы/Сокровище Монтесумы/Музыка Геймплея 1.mp3
wXdbz1D6nzh6pBOQWIuYFa,Сокровище Монтесумы,Музыка Сюжета,Сокровище Монтесумы,,134,mp3,Сокровище Монтесумы/Сокровище Монтесумы/Музыка Сюжета.mp3
od38p3OJiPyUK3jqsfxVa1,УННВ,Без даты,Без даты,2020,209,mp3,УННВ/Без даты/01-01 - Без даты.mp3
5x9cI5vIHZFxxCii3indor,Фаршмак,Китайские песни,Неизвестен,,177,mp3,Фаршмак/Неизвестен/Китайские песни.mp3
Mmq0lDpHrJvmAs0SU6keHQ,ФАШИСТЫ,Хайль Путин! (GRAV Cover),ФАШИСТЫ,,85,mp3,ФАШИСТЫ/ФАШИСТЫ/Хайль Путин! (GRAV Cover).mp3
o4fkSiyqUicOFwXKAKWcRx,Филипп Киркоров,Цвет настроения синий,Филипп Киркоров,,202,mp3,Филипп Киркоров/Филипп Киркоров/Цвет настроения синий.mp3
ymyEifEnwJNSKOQPJtM0Sp,Филипп Киркоров И Маша Распутина,Роза Чайная,drivemusic.me,2018,202,mp3,Филипп Киркоров И Маша Распутина/drivemusic.me/Роза Чайная.mp3
rIvKOPEfuUa8EQbEYQIhWh,ХАННА,От зари до зари,От зари до зари,2023,156,mp3,ХАННА/От зари до зари/53 - От зари до зари.mp3
dk2ci3bKpukXXJpWuWTMEq,Хачатурян,"Танец с саблями. Оркестр Большого Театра, д. - Арам Хачатурян",Хачатурян.,,140,mp3,"Хачатурян/Хачатурян./Танец с саблями. Оркестр Большого Театра, д. - Арам Хачатурян.mp3"
V9FG5ecRIoM7ghIPraxHDJ,Цыган,Аи диги диги дай,Цыган,,221,mp3,Цыган/Цыган/Аи диги диги дай.mp3
S2HpKD8OJo2rn7o81OLp0b,Шаманг Кинг,Шаманг Кинг,Шаманг Кинг,,57,mp3,Шаманг Кинг/Шаманг Кинг/Шаманг Кинг.mp3
XHbT0EcZf0dgejhPcwLimN,Школа танцев хардбаса (Hard Bass School),Раз раз раз это хардбасс,Школа танцев хардбаса (Hard Bass School),,216,mp3,Школа танцев хардбаса (Hard Bass School)/Школа танцев хардбаса (Hard Bass School)/Раз раз раз это хардбасс.mp3
YQa10hWmqmMsxTyB4QcFjS,Шуфутинский Михаил,3-е сентября,Шуфутинский Михаил,,378,mp3,Шуфутинский Михаил/Шуфутинский Михаил/3-е сентября.mp3
FngTrF2o0D4VsozKIpDTGA,Шуфутинский Михаил,Левый берег Дона,Шуфутинский Михаил,,237,mp3,Шуфутинский Михаил/Шуфутинский Михаил/Левый берег Дона.mp3
rzLv7gHGvCck6HVSZjR3UZ,Элджей,"Hey, Guys",Элджей,,177,mp3,"Элджей/Элджей/Hey, Guys.mp3"
LtoxJNDfycAt57PFejTno0,Элджей,Suzuki,Элджей,,185,mp3,Элджей/Элджей/Suzuki.mp3
4JWXo5Pm56xExVYAlnx7tl,Элджей,Дисконнект,Элджей,,206,mp3,Элджей/Элджей/Дисконнект.mp3
lIoS0oBDdwllmSWFoo15w0,Элджей,Минимал,Элджей,,202,mp3,Элджей/Элджей/Минимал.mp3
0hRT6VdJHXwdUuAoCau94P,Элджей,Рваные джинсы,Элджей,,180,mp3,Элджей/Элджей/Рваные джинсы.mp3
CUgIJnRSmGZdzO2FR7oiiI,Элджей,Розовое вино,Элджей,,227,mp3,Элджей/Элджей/Розовое вино.mp3
OcTxUIC3sR5BBde5G1Gk1o,Элджей&Федук,"Розовое вино, пародия",Элджей&Федук,,225,mp3,"Элджей&Федук/Элджей&Федук/Розовое вино, пародия.mp3"
lnKEExRXqg6DdAMEJHxVrJ,Эпичная заставка теле-программы,Эпичная заставка теле-программы,Неизвестен,,51,mp3,Эпичная заставка теле-программы/Неизвестен/Эпичная заставка теле-программы.mp3
s39yBZqNweAtejgELuiL2Z,Юра Шатунов,Седая ночь,Юра Шатунов,,239,mp3,Юра Шатунов/Юра Шатунов/Седая ночь.mp3
38Vgc4zI0uTEP4x4hvW7M5,Юрий Шатунов,Белые розы,Юрий Шатунов,,342,mp3,Юрий Шатунов/Юрий Шатунов/Белые розы.mp3
XIQGoqLNO3lHKYRZkIWQxJ,小小狐,瓦蓝蓝的天上飞老愣,小小狐,,31,mp3,小小狐/小小狐/瓦蓝蓝的天上飞老愣.mp3
1mTdBiCzj2OuSGH95BxrHJ,"悪鬼(Akki), HEADLINK",Tokoyami,"悪鬼(Akki), HEADLINK",,196,mp3,"悪鬼(Akki), HEADLINK/悪鬼(Akki), HEADLINK/Tokoyami.mp3"
kWbwyb0ShILsoH30YPvg9h,"音阙诗听, 赵方婧",芒种,"音阙诗听, 赵方婧",2019,216,mp3,"音阙诗听, 赵方婧/音阙诗听, 赵方婧/36 - 芒种.mp3"
